{
 "type": "Feature",
 "properties": {
  "source": "https://router.project-osrm.org profile=driving",
  "distance_km": 1308.2,
  "duration_h": 15.12,
  "waypoints": [
   "Al Nahda 1, Dubai",
   "Last UAE fuel",
   "Mezyad Border Post",
   "Hafeet Border Post",
   "Ibri",
   "Nizwa \u2014 Intercity Hotel",
   "Adam",
   "Ghaba \u2014 Al Maha",
   "Haima",
   "Qitbit",
   "Thumrait",
   "Aqabat descent",
   "Salalah Beach Resort"
  ],
  "note": "Full-resolution router output. Generated by tools/fetch-route.py - do not hand-edit; edit tools/route.config.json and re-run."
 },
 "geometry": {
  "coordinates": [
   [
    55.365766,
    25.29222
   ],
   [
    55.365567,
    25.29206
   ],
   [
    55.365556,
    25.292025
   ],
   [
    55.365571,
    25.291989
   ],
   [
    55.365995,
    25.291571
   ],
   [
    55.365767,
    25.291391
   ],
   [
    55.365701,
    25.291363
   ],
   [
    55.365631,
    25.291346
   ],
   [
    55.365558,
    25.291342
   ],
   [
    55.365485,
    25.291349
   ],
   [
    55.364366,
    25.291508
   ],
   [
    55.364245,
    25.291529
   ],
   [
    55.364144,
    25.291551
   ],
   [
    55.364037,
    25.291588
   ],
   [
    55.363992,
    25.291616
   ],
   [
    55.363941,
    25.291632
   ],
   [
    55.363887,
    25.291634
   ],
   [
    55.363834,
    25.291622
   ],
   [
    55.363786,
    25.291599
   ],
   [
    55.363748,
    25.291564
   ],
   [
    55.363722,
    25.291521
   ],
   [
    55.363709,
    25.291473
   ],
   [
    55.363712,
    25.291424
   ],
   [
    55.363729,
    25.291377
   ],
   [
    55.36376,
    25.291337
   ],
   [
    55.363799,
    25.291308
   ],
   [
    55.363845,
    25.291288
   ],
   [
    55.363894,
    25.29128
   ],
   [
    55.363945,
    25.291283
   ],
   [
    55.363993,
    25.291298
   ],
   [
    55.364037,
    25.291326
   ],
   [
    55.364141,
    25.291372
   ],
   [
    55.364213,
    25.291395
   ],
   [
    55.364291,
    25.291407
   ],
   [
    55.364351,
    25.291406
   ],
   [
    55.364738,
    25.291348
   ],
   [
    55.365471,
    25.291251
   ],
   [
    55.365567,
    25.291241
   ],
   [
    55.365664,
    25.291249
   ],
   [
    55.365757,
    25.291276
   ],
   [
    55.365843,
    25.291323
   ],
   [
    55.365921,
    25.291375
   ],
   [
    55.366113,
    25.291521
   ],
   [
    55.366465,
    25.291806
   ],
   [
    55.367062,
    25.292272
   ],
   [
    55.367249,
    25.292417
   ],
   [
    55.367481,
    25.292614
   ],
   [
    55.367534,
    25.29266
   ],
   [
    55.367585,
    25.292709
   ],
   [
    55.367935,
    25.293068
   ],
   [
    55.368153,
    25.293296
   ],
   [
    55.368217,
    25.293362
   ],
   [
    55.368284,
    25.293426
   ],
   [
    55.368355,
    25.293486
   ],
   [
    55.368429,
    25.293543
   ],
   [
    55.368455,
    25.293539
   ],
   [
    55.368481,
    25.293539
   ],
   [
    55.368507,
    25.293541
   ],
   [
    55.368533,
    25.293547
   ],
   [
    55.368615,
    25.293498
   ],
   [
    55.368693,
    25.293446
   ],
   [
    55.368769,
    25.29339
   ],
   [
    55.369484,
    25.292833
   ],
   [
    55.369584,
    25.292757
   ],
   [
    55.3696,
    25.292714
   ],
   [
    55.369611,
    25.292689
   ],
   [
    55.369624,
    25.292664
   ],
   [
    55.369641,
    25.292638
   ],
   [
    55.369665,
    25.292615
   ],
   [
    55.3697,
    25.292587
   ],
   [
    55.369741,
    25.292553
   ],
   [
    55.369778,
    25.292512
   ],
   [
    55.369808,
    25.292468
   ],
   [
    55.369832,
    25.292417
   ],
   [
    55.369841,
    25.29236
   ],
   [
    55.369838,
    25.292316
   ],
   [
    55.369828,
    25.292269
   ],
   [
    55.369807,
    25.292221
   ],
   [
    55.369776,
    25.292176
   ],
   [
    55.369697,
    25.292086
   ],
   [
    55.369653,
    25.292028
   ],
   [
    55.369613,
    25.291967
   ],
   [
    55.369578,
    25.291904
   ],
   [
    55.369548,
    25.291839
   ],
   [
    55.368948,
    25.291232
   ],
   [
    55.368581,
    25.290833
   ],
   [
    55.368275,
    25.290476
   ],
   [
    55.367234,
    25.28922
   ],
   [
    55.367206,
    25.289101
   ],
   [
    55.367183,
    25.289041
   ],
   [
    55.367152,
    25.28898
   ],
   [
    55.36671,
    25.288385
   ],
   [
    55.366692,
    25.288361
   ],
   [
    55.366615,
    25.288259
   ],
   [
    55.366552,
    25.288177
   ],
   [
    55.366482,
    25.288091
   ],
   [
    55.366569,
    25.288046
   ],
   [
    55.3667,
    25.287973
   ],
   [
    55.367172,
    25.287705
   ],
   [
    55.36871,
    25.28684
   ],
   [
    55.369499,
    25.286394
   ],
   [
    55.369682,
    25.286285
   ],
   [
    55.37013,
    25.286017
   ],
   [
    55.370801,
    25.285637
   ],
   [
    55.37167,
    25.28513
   ],
   [
    55.372365,
    25.284735
   ],
   [
    55.373879,
    25.283853
   ],
   [
    55.374813,
    25.283305
   ],
   [
    55.375023,
    25.283183
   ],
   [
    55.376283,
    25.282459
   ],
   [
    55.376842,
    25.282127
   ],
   [
    55.377446,
    25.281778
   ],
   [
    55.377999,
    25.281454
   ],
   [
    55.378056,
    25.281421
   ],
   [
    55.3782,
    25.281337
   ],
   [
    55.378289,
    25.281285
   ],
   [
    55.378365,
    25.281241
   ],
   [
    55.378527,
    25.281152
   ],
   [
    55.379062,
    25.280841
   ],
   [
    55.380588,
    25.279962
   ],
   [
    55.381296,
    25.279549
   ],
   [
    55.382567,
    25.278804
   ],
   [
    55.382923,
    25.278595
   ],
   [
    55.383928,
    25.278008
   ],
   [
    55.384018,
    25.277957
   ],
   [
    55.384437,
    25.277725
   ],
   [
    55.384462,
    25.277711
   ],
   [
    55.384604,
    25.277629
   ],
   [
    55.384688,
    25.277576
   ],
   [
    55.384778,
    25.277523
   ],
   [
    55.38492,
    25.27743
   ],
   [
    55.385282,
    25.277212
   ],
   [
    55.385407,
    25.27714
   ],
   [
    55.385795,
    25.276907
   ],
   [
    55.386255,
    25.276645
   ],
   [
    55.386375,
    25.276579
   ],
   [
    55.387134,
    25.276152
   ],
   [
    55.389529,
    25.274756
   ],
   [
    55.391625,
    25.273549
   ],
   [
    55.392185,
    25.273225
   ],
   [
    55.392684,
    25.272939
   ],
   [
    55.394191,
    25.272062
   ],
   [
    55.394243,
    25.272031
   ],
   [
    55.395226,
    25.271454
   ],
   [
    55.395697,
    25.27118
   ],
   [
    55.395717,
    25.271168
   ],
   [
    55.395849,
    25.271091
   ],
   [
    55.395954,
    25.27103
   ],
   [
    55.39607,
    25.270962
   ],
   [
    55.396207,
    25.270883
   ],
   [
    55.396743,
    25.27057
   ],
   [
    55.39785,
    25.26994
   ],
   [
    55.398885,
    25.269356
   ],
   [
    55.399397,
    25.269056
   ],
   [
    55.400018,
    25.26869
   ],
   [
    55.400056,
    25.268667
   ],
   [
    55.400669,
    25.268317
   ],
   [
    55.401588,
    25.267787
   ],
   [
    55.402246,
    25.267392
   ],
   [
    55.402449,
    25.267279
   ],
   [
    55.402596,
    25.267208
   ],
   [
    55.40274,
    25.267137
   ],
   [
    55.403005,
    25.267023
   ],
   [
    55.403328,
    25.266915
   ],
   [
    55.403641,
    25.266822
   ],
   [
    55.403937,
    25.266756
   ],
   [
    55.40419,
    25.266707
   ],
   [
    55.404363,
    25.266669
   ],
   [
    55.404603,
    25.2666
   ],
   [
    55.404908,
    25.266497
   ],
   [
    55.405203,
    25.266377
   ],
   [
    55.405485,
    25.266245
   ],
   [
    55.405776,
    25.266099
   ],
   [
    55.406239,
    25.26584
   ],
   [
    55.406318,
    25.26577
   ],
   [
    55.406404,
    25.265713
   ],
   [
    55.406496,
    25.265654
   ],
   [
    55.406587,
    25.265598
   ],
   [
    55.406713,
    25.265524
   ],
   [
    55.406814,
    25.265463
   ],
   [
    55.40691,
    25.265397
   ],
   [
    55.407004,
    25.265327
   ],
   [
    55.407093,
    25.265253
   ],
   [
    55.40722,
    25.265132
   ],
   [
    55.408234,
    25.264069
   ],
   [
    55.408385,
    25.263897
   ],
   [
    55.40851,
    25.263723
   ],
   [
    55.408623,
    25.263525
   ],
   [
    55.408685,
    25.263368
   ],
   [
    55.408732,
    25.263207
   ],
   [
    55.408766,
    25.263045
   ],
   [
    55.408784,
    25.262875
   ],
   [
    55.408783,
    25.262713
   ],
   [
    55.408762,
    25.262543
   ],
   [
    55.40873,
    25.262379
   ],
   [
    55.408683,
    25.262218
   ],
   [
    55.408623,
    25.26206
   ],
   [
    55.408516,
    25.261778
   ],
   [
    55.408346,
    25.261303
   ],
   [
    55.408306,
    25.261169
   ],
   [
    55.40828,
    25.261054
   ],
   [
    55.408273,
    25.260938
   ],
   [
    55.408277,
    25.260822
   ],
   [
    55.408297,
    25.260706
   ],
   [
    55.408069,
    25.260105
   ],
   [
    55.407859,
    25.259499
   ],
   [
    55.407665,
    25.258889
   ],
   [
    55.407613,
    25.258718
   ],
   [
    55.407258,
    25.257523
   ],
   [
    55.406982,
    25.256515
   ],
   [
    55.405869,
    25.252787
   ],
   [
    55.405633,
    25.252044
   ],
   [
    55.40553,
    25.251643
   ],
   [
    55.405447,
    25.25124
   ],
   [
    55.405373,
    25.250834
   ],
   [
    55.405311,
    25.250427
   ],
   [
    55.405257,
    25.250007
   ],
   [
    55.405091,
    25.248577
   ],
   [
    55.404841,
    25.246621
   ],
   [
    55.40466,
    25.244796
   ],
   [
    55.404563,
    25.243828
   ],
   [
    55.404512,
    25.24335
   ],
   [
    55.404506,
    25.243291
   ],
   [
    55.404446,
    25.242754
   ],
   [
    55.404382,
    25.2422
   ],
   [
    55.404322,
    25.241714
   ],
   [
    55.40425,
    25.241218
   ],
   [
    55.404174,
    25.240724
   ],
   [
    55.404012,
    25.239761
   ],
   [
    55.403892,
    25.238991
   ],
   [
    55.403772,
    25.238211
   ],
   [
    55.403669,
    25.237432
   ],
   [
    55.403594,
    25.236657
   ],
   [
    55.403557,
    25.236208
   ],
   [
    55.40353,
    25.235757
   ],
   [
    55.403509,
    25.235307
   ],
   [
    55.4035,
    25.234856
   ],
   [
    55.403497,
    25.234405
   ],
   [
    55.403505,
    25.233954
   ],
   [
    55.403523,
    25.233503
   ],
   [
    55.403549,
    25.233015
   ],
   [
    55.403573,
    25.232619
   ],
   [
    55.403601,
    25.232244
   ],
   [
    55.403735,
    25.231096
   ],
   [
    55.404026,
    25.228858
   ],
   [
    55.404195,
    25.227579
   ],
   [
    55.404537,
    25.224956
   ],
   [
    55.404636,
    25.223917
   ],
   [
    55.404908,
    25.221858
   ],
   [
    55.404954,
    25.221439
   ],
   [
    55.404982,
    25.221009
   ],
   [
    55.404992,
    25.220571
   ],
   [
    55.404993,
    25.220027
   ],
   [
    55.404953,
    25.219472
   ],
   [
    55.404906,
    25.218924
   ],
   [
    55.404892,
    25.218756
   ],
   [
    55.404787,
    25.218048
   ],
   [
    55.404637,
    25.217348
   ],
   [
    55.404442,
    25.216657
   ],
   [
    55.404202,
    25.215977
   ],
   [
    55.403807,
    25.215057
   ],
   [
    55.403337,
    25.214012
   ],
   [
    55.40274,
    25.212689
   ],
   [
    55.401722,
    25.210489
   ],
   [
    55.400406,
    25.207604
   ],
   [
    55.39971,
    25.20606
   ],
   [
    55.398872,
    25.204226
   ],
   [
    55.398509,
    25.203478
   ],
   [
    55.398235,
    25.202894
   ],
   [
    55.397972,
    25.202306
   ],
   [
    55.397723,
    25.201787
   ],
   [
    55.397492,
    25.20126
   ],
   [
    55.39728,
    25.200727
   ],
   [
    55.397087,
    25.200188
   ],
   [
    55.396914,
    25.199643
   ],
   [
    55.396777,
    25.199077
   ],
   [
    55.396669,
    25.198527
   ],
   [
    55.396584,
    25.197974
   ],
   [
    55.396524,
    25.197418
   ],
   [
    55.396487,
    25.196861
   ],
   [
    55.396475,
    25.196303
   ],
   [
    55.396537,
    25.194829
   ],
   [
    55.396666,
    25.191722
   ],
   [
    55.396857,
    25.188125
   ],
   [
    55.396952,
    25.186066
   ],
   [
    55.396975,
    25.185147
   ],
   [
    55.396986,
    25.184227
   ],
   [
    55.396985,
    25.183306
   ],
   [
    55.396956,
    25.18221
   ],
   [
    55.396929,
    25.181757
   ],
   [
    55.396837,
    25.18047
   ],
   [
    55.396756,
    25.179526
   ],
   [
    55.396467,
    25.177655
   ],
   [
    55.3964,
    25.177227
   ],
   [
    55.396121,
    25.175842
   ],
   [
    55.395816,
    25.174467
   ],
   [
    55.395513,
    25.173196
   ],
   [
    55.395214,
    25.172163
   ],
   [
    55.394791,
    25.170852
   ],
   [
    55.394379,
    25.169685
   ],
   [
    55.393727,
    25.167997
   ],
   [
    55.392743,
    25.165227
   ],
   [
    55.391684,
    25.16243
   ],
   [
    55.391504,
    25.161967
   ],
   [
    55.391133,
    25.161012
   ],
   [
    55.390216,
    25.15864
   ],
   [
    55.389749,
    25.157457
   ],
   [
    55.389319,
    25.156368
   ],
   [
    55.388751,
    25.15493
   ],
   [
    55.388609,
    25.154568
   ],
   [
    55.388173,
    25.153491
   ],
   [
    55.388034,
    25.153156
   ],
   [
    55.387776,
    25.152532
   ],
   [
    55.385972,
    25.148173
   ],
   [
    55.385963,
    25.14815
   ],
   [
    55.385682,
    25.147496
   ],
   [
    55.385044,
    25.146012
   ],
   [
    55.383621,
    25.142828
   ],
   [
    55.383141,
    25.14163
   ],
   [
    55.381876,
    25.138807
   ],
   [
    55.381323,
    25.137689
   ],
   [
    55.380651,
    25.136364
   ],
   [
    55.380404,
    25.135929
   ],
   [
    55.380154,
    25.13547
   ],
   [
    55.379864,
    25.13497
   ],
   [
    55.378784,
    25.133274
   ],
   [
    55.378247,
    25.132522
   ],
   [
    55.377393,
    25.131337
   ],
   [
    55.376691,
    25.130436
   ],
   [
    55.375714,
    25.129285
   ],
   [
    55.375233,
    25.128764
   ],
   [
    55.374287,
    25.127741
   ],
   [
    55.372891,
    25.126283
   ],
   [
    55.372665,
    25.126185
   ],
   [
    55.372472,
    25.126076
   ],
   [
    55.37229,
    25.125951
   ],
   [
    55.371699,
    25.125497
   ],
   [
    55.371003,
    25.124902
   ],
   [
    55.370181,
    25.124233
   ],
   [
    55.369114,
    25.123407
   ],
   [
    55.368233,
    25.122854
   ],
   [
    55.368045,
    25.122734
   ],
   [
    55.367848,
    25.122627
   ],
   [
    55.367643,
    25.122533
   ],
   [
    55.367431,
    25.122453
   ],
   [
    55.367165,
    25.122355
   ],
   [
    55.367045,
    25.122324
   ],
   [
    55.366936,
    25.1223
   ],
   [
    55.366825,
    25.122281
   ],
   [
    55.366713,
    25.122267
   ],
   [
    55.366601,
    25.122258
   ],
   [
    55.366488,
    25.122254
   ],
   [
    55.366375,
    25.122255
   ],
   [
    55.366258,
    25.122258
   ],
   [
    55.366141,
    25.122265
   ],
   [
    55.366024,
    25.122277
   ],
   [
    55.365908,
    25.122294
   ],
   [
    55.365793,
    25.122315
   ],
   [
    55.365679,
    25.122341
   ],
   [
    55.365521,
    25.122383
   ],
   [
    55.365359,
    25.122417
   ],
   [
    55.365196,
    25.122442
   ],
   [
    55.365032,
    25.122459
   ],
   [
    55.364867,
    25.122467
   ],
   [
    55.364701,
    25.122467
   ],
   [
    55.364536,
    25.122458
   ],
   [
    55.364371,
    25.12244
   ],
   [
    55.364208,
    25.122414
   ],
   [
    55.364047,
    25.122379
   ],
   [
    55.363872,
    25.122329
   ],
   [
    55.3637,
    25.122267
   ],
   [
    55.363535,
    25.122194
   ],
   [
    55.363375,
    25.12211
   ],
   [
    55.363223,
    25.122015
   ],
   [
    55.363079,
    25.121911
   ],
   [
    55.362943,
    25.121798
   ],
   [
    55.362817,
    25.121676
   ],
   [
    55.362701,
    25.121546
   ],
   [
    55.362596,
    25.121409
   ],
   [
    55.362513,
    25.121283
   ],
   [
    55.362436,
    25.121147
   ],
   [
    55.362369,
    25.121006
   ],
   [
    55.362312,
    25.120862
   ],
   [
    55.362266,
    25.120715
   ],
   [
    55.362231,
    25.120565
   ],
   [
    55.362207,
    25.120413
   ],
   [
    55.362194,
    25.120261
   ],
   [
    55.362193,
    25.120108
   ],
   [
    55.362197,
    25.11995
   ],
   [
    55.362215,
    25.119793
   ],
   [
    55.362245,
    25.119638
   ],
   [
    55.362286,
    25.119485
   ],
   [
    55.362339,
    25.119335
   ],
   [
    55.362403,
    25.119188
   ],
   [
    55.362477,
    25.119045
   ],
   [
    55.362562,
    25.118908
   ],
   [
    55.362657,
    25.118776
   ],
   [
    55.362762,
    25.11865
   ],
   [
    55.362876,
    25.11853
   ],
   [
    55.362998,
    25.118418
   ],
   [
    55.363129,
    25.118314
   ],
   [
    55.363266,
    25.118217
   ],
   [
    55.363411,
    25.11813
   ],
   [
    55.363562,
    25.118051
   ],
   [
    55.363714,
    25.117986
   ],
   [
    55.363867,
    25.117929
   ],
   [
    55.364025,
    25.117881
   ],
   [
    55.364185,
    25.117842
   ],
   [
    55.364348,
    25.117812
   ],
   [
    55.364513,
    25.117791
   ],
   [
    55.364678,
    25.117779
   ],
   [
    55.364845,
    25.117776
   ],
   [
    55.365115,
    25.117779
   ],
   [
    55.365313,
    25.117757
   ],
   [
    55.365508,
    25.117722
   ],
   [
    55.3657,
    25.117674
   ],
   [
    55.365888,
    25.117613
   ],
   [
    55.36607,
    25.11754
   ],
   [
    55.366245,
    25.117454
   ],
   [
    55.366413,
    25.117357
   ],
   [
    55.366573,
    25.117249
   ],
   [
    55.366723,
    25.117131
   ],
   [
    55.366863,
    25.117002
   ],
   [
    55.366992,
    25.116865
   ],
   [
    55.367287,
    25.116572
   ],
   [
    55.36779,
    25.11591
   ],
   [
    55.369172,
    25.114262
   ],
   [
    55.370012,
    25.113231
   ],
   [
    55.371012,
    25.11198
   ],
   [
    55.371093,
    25.111905
   ],
   [
    55.37117,
    25.111825
   ],
   [
    55.371241,
    25.111741
   ],
   [
    55.37131,
    25.111657
   ],
   [
    55.372236,
    25.110535
   ],
   [
    55.373812,
    25.108624
   ],
   [
    55.373949,
    25.108457
   ],
   [
    55.374377,
    25.107839
   ],
   [
    55.374431,
    25.107747
   ],
   [
    55.374486,
    25.107663
   ],
   [
    55.374535,
    25.107571
   ],
   [
    55.375067,
    25.106509
   ],
   [
    55.37519,
    25.106301
   ],
   [
    55.375326,
    25.106099
   ],
   [
    55.375475,
    25.105904
   ],
   [
    55.375634,
    25.105717
   ],
   [
    55.375772,
    25.10556
   ],
   [
    55.375915,
    25.105428
   ],
   [
    55.376094,
    25.105274
   ],
   [
    55.376279,
    25.105125
   ],
   [
    55.376471,
    25.104983
   ],
   [
    55.376673,
    25.104851
   ],
   [
    55.376871,
    25.104744
   ],
   [
    55.37706,
    25.104624
   ],
   [
    55.377239,
    25.104493
   ],
   [
    55.377407,
    25.10435
   ],
   [
    55.377563,
    25.104196
   ],
   [
    55.378155,
    25.103596
   ],
   [
    55.378737,
    25.102938
   ],
   [
    55.379898,
    25.10161
   ],
   [
    55.380122,
    25.101401
   ],
   [
    55.380339,
    25.101186
   ],
   [
    55.380547,
    25.100963
   ],
   [
    55.380746,
    25.100735
   ],
   [
    55.381436,
    25.099943
   ],
   [
    55.382043,
    25.099245
   ],
   [
    55.382172,
    25.099105
   ],
   [
    55.382305,
    25.098968
   ],
   [
    55.382444,
    25.098836
   ],
   [
    55.382587,
    25.098707
   ],
   [
    55.382735,
    25.098584
   ],
   [
    55.38334,
    25.09787
   ],
   [
    55.384556,
    25.096403
   ],
   [
    55.386141,
    25.094464
   ],
   [
    55.389767,
    25.09011
   ],
   [
    55.389833,
    25.09003
   ],
   [
    55.390774,
    25.088897
   ],
   [
    55.392524,
    25.086831
   ],
   [
    55.395985,
    25.082577
   ],
   [
    55.39713,
    25.081249
   ],
   [
    55.398716,
    25.079264
   ],
   [
    55.399149,
    25.078722
   ],
   [
    55.399792,
    25.077939
   ],
   [
    55.400219,
    25.077423
   ],
   [
    55.401562,
    25.075784
   ],
   [
    55.403411,
    25.073688
   ],
   [
    55.404856,
    25.072017
   ],
   [
    55.405644,
    25.071135
   ],
   [
    55.406411,
    25.070301
   ],
   [
    55.408556,
    25.067889
   ],
   [
    55.409506,
    25.066809
   ],
   [
    55.410089,
    25.066152
   ],
   [
    55.41294,
    25.062892
   ],
   [
    55.413253,
    25.062591
   ],
   [
    55.413619,
    25.06218
   ],
   [
    55.41513,
    25.060614
   ],
   [
    55.416233,
    25.059534
   ],
   [
    55.417885,
    25.058023
   ],
   [
    55.419615,
    25.056545
   ],
   [
    55.420805,
    25.055562
   ],
   [
    55.425164,
    25.052071
   ],
   [
    55.426429,
    25.051036
   ],
   [
    55.427149,
    25.050415
   ],
   [
    55.428105,
    25.049577
   ],
   [
    55.428543,
    25.049185
   ],
   [
    55.429156,
    25.048599
   ],
   [
    55.430076,
    25.047719
   ],
   [
    55.430979,
    25.046787
   ],
   [
    55.431944,
    25.045755
   ],
   [
    55.434073,
    25.043367
   ],
   [
    55.436788,
    25.040254
   ],
   [
    55.437631,
    25.039301
   ],
   [
    55.438419,
    25.038409
   ],
   [
    55.439559,
    25.037106
   ],
   [
    55.44081,
    25.035654
   ],
   [
    55.442424,
    25.033694
   ],
   [
    55.444805,
    25.030759
   ],
   [
    55.445455,
    25.029954
   ],
   [
    55.446114,
    25.029167
   ],
   [
    55.447765,
    25.02713
   ],
   [
    55.448375,
    25.026349
   ],
   [
    55.448576,
    25.026116
   ],
   [
    55.448722,
    25.025939
   ],
   [
    55.451026,
    25.023124
   ],
   [
    55.451098,
    25.023034
   ],
   [
    55.451271,
    25.022821
   ],
   [
    55.45171,
    25.022277
   ],
   [
    55.45243,
    25.021361
   ],
   [
    55.453772,
    25.01975
   ],
   [
    55.454503,
    25.018846
   ],
   [
    55.45506,
    25.018156
   ],
   [
    55.455864,
    25.01713
   ],
   [
    55.456898,
    25.015852
   ],
   [
    55.456999,
    25.015725
   ],
   [
    55.457678,
    25.014892
   ],
   [
    55.459363,
    25.012737
   ],
   [
    55.45963,
    25.01241
   ],
   [
    55.461135,
    25.010559
   ],
   [
    55.463964,
    25.006845
   ],
   [
    55.465793,
    25.004456
   ],
   [
    55.467899,
    25.001657
   ],
   [
    55.47054,
    24.99808
   ],
   [
    55.473423,
    24.994095
   ],
   [
    55.474682,
    24.992355
   ],
   [
    55.475939,
    24.990577
   ],
   [
    55.476903,
    24.989163
   ],
   [
    55.47801,
    24.987627
   ],
   [
    55.481739,
    24.982338
   ],
   [
    55.484721,
    24.978091
   ],
   [
    55.485184,
    24.977424
   ],
   [
    55.487022,
    24.974804
   ],
   [
    55.489148,
    24.97178
   ],
   [
    55.49106,
    24.969062
   ],
   [
    55.492067,
    24.967611
   ],
   [
    55.493296,
    24.965876
   ],
   [
    55.494953,
    24.963466
   ],
   [
    55.49605,
    24.96187
   ],
   [
    55.497156,
    24.960348
   ],
   [
    55.49887,
    24.957892
   ],
   [
    55.500034,
    24.956264
   ],
   [
    55.505281,
    24.948752
   ],
   [
    55.506666,
    24.946807
   ],
   [
    55.507901,
    24.944994
   ],
   [
    55.509903,
    24.94205
   ],
   [
    55.510252,
    24.941537
   ],
   [
    55.511295,
    24.93994
   ],
   [
    55.511741,
    24.939257
   ],
   [
    55.514283,
    24.935308
   ],
   [
    55.515597,
    24.933222
   ],
   [
    55.516874,
    24.931145
   ],
   [
    55.519393,
    24.926962
   ],
   [
    55.521743,
    24.922902
   ],
   [
    55.521889,
    24.922643
   ],
   [
    55.52223,
    24.922025
   ],
   [
    55.523343,
    24.920118
   ],
   [
    55.52453,
    24.918004
   ],
   [
    55.526841,
    24.913976
   ],
   [
    55.527144,
    24.913441
   ],
   [
    55.527695,
    24.912479
   ],
   [
    55.530872,
    24.906957
   ],
   [
    55.533172,
    24.902893
   ],
   [
    55.535595,
    24.898744
   ],
   [
    55.536494,
    24.897204
   ],
   [
    55.536526,
    24.897151
   ],
   [
    55.540348,
    24.890856
   ],
   [
    55.544451,
    24.884429
   ],
   [
    55.544724,
    24.88399
   ],
   [
    55.54543,
    24.882915
   ],
   [
    55.547084,
    24.88038
   ],
   [
    55.550802,
    24.874865
   ],
   [
    55.552394,
    24.872421
   ],
   [
    55.555945,
    24.867023
   ],
   [
    55.558964,
    24.862352
   ],
   [
    55.56132,
    24.858704
   ],
   [
    55.563064,
    24.855644
   ],
   [
    55.564534,
    24.852441
   ],
   [
    55.567569,
    24.844654
   ],
   [
    55.568465,
    24.842331
   ],
   [
    55.570903,
    24.836005
   ],
   [
    55.571215,
    24.835209
   ],
   [
    55.571618,
    24.834263
   ],
   [
    55.572093,
    24.833186
   ],
   [
    55.573059,
    24.831248
   ],
   [
    55.574622,
    24.828209
   ],
   [
    55.5769,
    24.823844
   ],
   [
    55.582013,
    24.813963
   ],
   [
    55.582324,
    24.813373
   ],
   [
    55.583688,
    24.810743
   ],
   [
    55.585876,
    24.806534
   ],
   [
    55.587107,
    24.80416
   ],
   [
    55.587352,
    24.803687
   ],
   [
    55.589885,
    24.79881
   ],
   [
    55.591864,
    24.794978
   ],
   [
    55.592469,
    24.793807
   ],
   [
    55.592828,
    24.793065
   ],
   [
    55.593309,
    24.792025
   ],
   [
    55.593377,
    24.791874
   ],
   [
    55.593682,
    24.791215
   ],
   [
    55.594111,
    24.790249
   ],
   [
    55.594587,
    24.789118
   ],
   [
    55.594865,
    24.788439
   ],
   [
    55.595395,
    24.787172
   ],
   [
    55.595566,
    24.78674
   ],
   [
    55.59584,
    24.786084
   ],
   [
    55.596256,
    24.785054
   ],
   [
    55.596405,
    24.784716
   ],
   [
    55.59662,
    24.784188
   ],
   [
    55.598809,
    24.778952
   ],
   [
    55.599894,
    24.776331
   ],
   [
    55.601243,
    24.773004
   ],
   [
    55.602374,
    24.77026
   ],
   [
    55.603284,
    24.768094
   ],
   [
    55.604053,
    24.766305
   ],
   [
    55.604293,
    24.765707
   ],
   [
    55.604751,
    24.764591
   ],
   [
    55.607799,
    24.757233
   ],
   [
    55.609762,
    24.752501
   ],
   [
    55.609895,
    24.752184
   ],
   [
    55.609981,
    24.751885
   ],
   [
    55.610714,
    24.750111
   ],
   [
    55.612137,
    24.74669
   ],
   [
    55.613333,
    24.743824
   ],
   [
    55.614411,
    24.741203
   ],
   [
    55.615654,
    24.738264
   ],
   [
    55.618839,
    24.730592
   ],
   [
    55.619212,
    24.729679
   ],
   [
    55.619645,
    24.728568
   ],
   [
    55.619917,
    24.72782
   ],
   [
    55.620168,
    24.727064
   ],
   [
    55.620605,
    24.725577
   ],
   [
    55.620651,
    24.725377
   ],
   [
    55.621022,
    24.723924
   ],
   [
    55.621204,
    24.723044
   ],
   [
    55.621373,
    24.722189
   ],
   [
    55.621517,
    24.72133
   ],
   [
    55.621787,
    24.719592
   ],
   [
    55.621872,
    24.719054
   ],
   [
    55.622032,
    24.718038
   ],
   [
    55.622133,
    24.71744
   ],
   [
    55.6225,
    24.715504
   ],
   [
    55.622925,
    24.713295
   ],
   [
    55.623073,
    24.71251
   ],
   [
    55.623267,
    24.711704
   ],
   [
    55.623384,
    24.711254
   ],
   [
    55.623498,
    24.710851
   ],
   [
    55.623685,
    24.710225
   ],
   [
    55.623848,
    24.709732
   ],
   [
    55.62401,
    24.709272
   ],
   [
    55.624218,
    24.708702
   ],
   [
    55.624575,
    24.70774
   ],
   [
    55.624855,
    24.706977
   ],
   [
    55.625259,
    24.705871
   ],
   [
    55.625648,
    24.704805
   ],
   [
    55.625987,
    24.703915
   ],
   [
    55.626503,
    24.702648
   ],
   [
    55.626694,
    24.702214
   ],
   [
    55.627003,
    24.701542
   ],
   [
    55.627357,
    24.700808
   ],
   [
    55.627705,
    24.700115
   ],
   [
    55.628096,
    24.699388
   ],
   [
    55.628502,
    24.698653
   ],
   [
    55.62882,
    24.698116
   ],
   [
    55.629162,
    24.697508
   ],
   [
    55.629487,
    24.696948
   ],
   [
    55.62992,
    24.696211
   ],
   [
    55.630231,
    24.695712
   ],
   [
    55.630525,
    24.695281
   ],
   [
    55.630868,
    24.694812
   ],
   [
    55.631169,
    24.694444
   ],
   [
    55.631715,
    24.693821
   ],
   [
    55.632174,
    24.693356
   ],
   [
    55.632488,
    24.693056
   ],
   [
    55.632826,
    24.69275
   ],
   [
    55.63336,
    24.692313
   ],
   [
    55.633775,
    24.692006
   ],
   [
    55.634212,
    24.691693
   ],
   [
    55.635092,
    24.69112
   ],
   [
    55.63635,
    24.690308
   ],
   [
    55.63747,
    24.689561
   ],
   [
    55.638274,
    24.689
   ],
   [
    55.639198,
    24.688346
   ],
   [
    55.640098,
    24.687697
   ],
   [
    55.642052,
    24.686307
   ],
   [
    55.643377,
    24.685357
   ],
   [
    55.644723,
    24.684407
   ],
   [
    55.645204,
    24.684064
   ],
   [
    55.645972,
    24.683515
   ],
   [
    55.647373,
    24.68252
   ],
   [
    55.648124,
    24.681981
   ],
   [
    55.649071,
    24.681312
   ],
   [
    55.650522,
    24.680272
   ],
   [
    55.651637,
    24.679483
   ],
   [
    55.652228,
    24.679073
   ],
   [
    55.652856,
    24.678657
   ],
   [
    55.653596,
    24.678182
   ],
   [
    55.654032,
    24.677917
   ],
   [
    55.654493,
    24.677645
   ],
   [
    55.655177,
    24.677259
   ],
   [
    55.655887,
    24.676868
   ],
   [
    55.658764,
    24.675308
   ],
   [
    55.661638,
    24.67375
   ],
   [
    55.663703,
    24.672628
   ],
   [
    55.664728,
    24.672072
   ],
   [
    55.666819,
    24.670939
   ],
   [
    55.668588,
    24.669981
   ],
   [
    55.669968,
    24.669229
   ],
   [
    55.671476,
    24.668387
   ],
   [
    55.672929,
    24.667539
   ],
   [
    55.674463,
    24.666638
   ],
   [
    55.675255,
    24.666189
   ],
   [
    55.676265,
    24.665637
   ],
   [
    55.677496,
    24.664945
   ],
   [
    55.678413,
    24.664397
   ],
   [
    55.67922,
    24.663894
   ],
   [
    55.680055,
    24.663351
   ],
   [
    55.680639,
    24.662955
   ],
   [
    55.681262,
    24.66252
   ],
   [
    55.681685,
    24.662218
   ],
   [
    55.681946,
    24.66203
   ],
   [
    55.682393,
    24.66171
   ],
   [
    55.682935,
    24.661321
   ],
   [
    55.683457,
    24.660966
   ],
   [
    55.684119,
    24.660549
   ],
   [
    55.684618,
    24.660255
   ],
   [
    55.685171,
    24.659959
   ],
   [
    55.685636,
    24.659721
   ],
   [
    55.686194,
    24.659454
   ],
   [
    55.686684,
    24.659239
   ],
   [
    55.687167,
    24.659038
   ],
   [
    55.688093,
    24.658688
   ],
   [
    55.689435,
    24.658179
   ],
   [
    55.690833,
    24.657654
   ],
   [
    55.691604,
    24.657359
   ],
   [
    55.692342,
    24.657065
   ],
   [
    55.692856,
    24.656852
   ],
   [
    55.693731,
    24.656477
   ],
   [
    55.694655,
    24.656067
   ],
   [
    55.695468,
    24.655712
   ],
   [
    55.69629,
    24.655349
   ],
   [
    55.696935,
    24.655069
   ],
   [
    55.697588,
    24.654778
   ],
   [
    55.698115,
    24.654519
   ],
   [
    55.698577,
    24.654266
   ],
   [
    55.699112,
    24.653949
   ],
   [
    55.699495,
    24.653704
   ],
   [
    55.699916,
    24.653406
   ],
   [
    55.700338,
    24.65309
   ],
   [
    55.700786,
    24.652725
   ],
   [
    55.701359,
    24.652201
   ],
   [
    55.701784,
    24.651774
   ],
   [
    55.702061,
    24.651472
   ],
   [
    55.702411,
    24.651058
   ],
   [
    55.702667,
    24.650739
   ],
   [
    55.702925,
    24.65039
   ],
   [
    55.703171,
    24.650031
   ],
   [
    55.703371,
    24.649712
   ],
   [
    55.703539,
    24.649431
   ],
   [
    55.703701,
    24.649145
   ],
   [
    55.703904,
    24.648769
   ],
   [
    55.704134,
    24.64833
   ],
   [
    55.704484,
    24.647657
   ],
   [
    55.704749,
    24.647151
   ],
   [
    55.704983,
    24.646729
   ],
   [
    55.705234,
    24.646299
   ],
   [
    55.70542,
    24.646006
   ],
   [
    55.705712,
    24.645545
   ],
   [
    55.706033,
    24.645097
   ],
   [
    55.706367,
    24.64465
   ],
   [
    55.70668,
    24.644251
   ],
   [
    55.707056,
    24.643803
   ],
   [
    55.707522,
    24.643291
   ],
   [
    55.708036,
    24.642756
   ],
   [
    55.708656,
    24.64217
   ],
   [
    55.710238,
    24.640777
   ],
   [
    55.714837,
    24.636725
   ],
   [
    55.716135,
    24.635585
   ],
   [
    55.717602,
    24.634292
   ],
   [
    55.718045,
    24.633883
   ],
   [
    55.718713,
    24.63323
   ],
   [
    55.719093,
    24.632798
   ],
   [
    55.719404,
    24.63244
   ],
   [
    55.719803,
    24.631947
   ],
   [
    55.720429,
    24.631086
   ],
   [
    55.720812,
    24.630506
   ],
   [
    55.721102,
    24.630012
   ],
   [
    55.721396,
    24.629492
   ],
   [
    55.721651,
    24.628979
   ],
   [
    55.722028,
    24.628159
   ],
   [
    55.722769,
    24.626498
   ],
   [
    55.723585,
    24.624709
   ],
   [
    55.724431,
    24.622823
   ],
   [
    55.724918,
    24.621743
   ],
   [
    55.72546,
    24.620542
   ],
   [
    55.726503,
    24.618228
   ],
   [
    55.726966,
    24.617202
   ],
   [
    55.727283,
    24.616478
   ],
   [
    55.727496,
    24.61594
   ],
   [
    55.72773,
    24.615321
   ],
   [
    55.727947,
    24.614701
   ],
   [
    55.72867,
    24.612616
   ],
   [
    55.729822,
    24.609299
   ],
   [
    55.730692,
    24.606789
   ],
   [
    55.731476,
    24.604527
   ],
   [
    55.732282,
    24.602265
   ],
   [
    55.73277,
    24.60105
   ],
   [
    55.733417,
    24.599558
   ],
   [
    55.733861,
    24.598669
   ],
   [
    55.734608,
    24.59717
   ],
   [
    55.736165,
    24.594077
   ],
   [
    55.737646,
    24.59114
   ],
   [
    55.738203,
    24.590019
   ],
   [
    55.739011,
    24.588432
   ],
   [
    55.73968,
    24.587081
   ],
   [
    55.740646,
    24.585152
   ],
   [
    55.741849,
    24.582895
   ],
   [
    55.742447,
    24.581811
   ],
   [
    55.743153,
    24.58057
   ],
   [
    55.743606,
    24.57977
   ],
   [
    55.744134,
    24.578789
   ],
   [
    55.744656,
    24.577718
   ],
   [
    55.745285,
    24.576294
   ],
   [
    55.745851,
    24.574919
   ],
   [
    55.747041,
    24.572086
   ],
   [
    55.747721,
    24.57053
   ],
   [
    55.747916,
    24.570069
   ],
   [
    55.748767,
    24.568038
   ],
   [
    55.749445,
    24.56646
   ],
   [
    55.750047,
    24.565068
   ],
   [
    55.751033,
    24.56276
   ],
   [
    55.751249,
    24.562255
   ],
   [
    55.751548,
    24.561531
   ],
   [
    55.751833,
    24.560806
   ],
   [
    55.752094,
    24.560108
   ],
   [
    55.752341,
    24.559407
   ],
   [
    55.752518,
    24.558882
   ],
   [
    55.752859,
    24.557799
   ],
   [
    55.75309,
    24.557019
   ],
   [
    55.753516,
    24.555375
   ],
   [
    55.754008,
    24.553146
   ],
   [
    55.755047,
    24.548451
   ],
   [
    55.75567,
    24.545617
   ],
   [
    55.756334,
    24.542789
   ],
   [
    55.756667,
    24.541358
   ],
   [
    55.756842,
    24.540528
   ],
   [
    55.757039,
    24.539725
   ],
   [
    55.757249,
    24.538921
   ],
   [
    55.757686,
    24.537342
   ],
   [
    55.758168,
    24.535596
   ],
   [
    55.758601,
    24.534026
   ],
   [
    55.758897,
    24.532979
   ],
   [
    55.759238,
    24.531778
   ],
   [
    55.759911,
    24.529386
   ],
   [
    55.760238,
    24.528252
   ],
   [
    55.76126,
    24.524591
   ],
   [
    55.76141,
    24.524058
   ],
   [
    55.761734,
    24.522906
   ],
   [
    55.762897,
    24.518655
   ],
   [
    55.764162,
    24.514205
   ],
   [
    55.764535,
    24.512867
   ],
   [
    55.765569,
    24.509173
   ],
   [
    55.766047,
    24.507564
   ],
   [
    55.766741,
    24.505344
   ],
   [
    55.767354,
    24.503402
   ],
   [
    55.767799,
    24.501983
   ],
   [
    55.76835,
    24.500253
   ],
   [
    55.768898,
    24.498533
   ],
   [
    55.769158,
    24.497725
   ],
   [
    55.769672,
    24.496099
   ],
   [
    55.77116,
    24.491407
   ],
   [
    55.771979,
    24.48886
   ],
   [
    55.772688,
    24.486596
   ],
   [
    55.773624,
    24.483637
   ],
   [
    55.774549,
    24.480692
   ],
   [
    55.775363,
    24.478087
   ],
   [
    55.776555,
    24.474339
   ],
   [
    55.776904,
    24.473237
   ],
   [
    55.777471,
    24.471445
   ],
   [
    55.778288,
    24.468872
   ],
   [
    55.778882,
    24.466993
   ],
   [
    55.779319,
    24.465578
   ],
   [
    55.779793,
    24.464086
   ],
   [
    55.780238,
    24.462685
   ],
   [
    55.780845,
    24.460734
   ],
   [
    55.782009,
    24.45714
   ],
   [
    55.782415,
    24.455794
   ],
   [
    55.782755,
    24.454634
   ],
   [
    55.782881,
    24.454151
   ],
   [
    55.782997,
    24.453685
   ],
   [
    55.783145,
    24.452991
   ],
   [
    55.783257,
    24.452368
   ],
   [
    55.783496,
    24.450915
   ],
   [
    55.783743,
    24.449517
   ],
   [
    55.783934,
    24.448407
   ],
   [
    55.784556,
    24.443927
   ],
   [
    55.785111,
    24.440078
   ],
   [
    55.785208,
    24.439452
   ],
   [
    55.785337,
    24.438777
   ],
   [
    55.78549,
    24.438136
   ],
   [
    55.785793,
    24.437124
   ],
   [
    55.786105,
    24.436129
   ],
   [
    55.786398,
    24.435236
   ],
   [
    55.786951,
    24.433544
   ],
   [
    55.787744,
    24.431057
   ],
   [
    55.78827,
    24.429388
   ],
   [
    55.788657,
    24.428136
   ],
   [
    55.789171,
    24.42644
   ],
   [
    55.789997,
    24.423687
   ],
   [
    55.790765,
    24.421089
   ],
   [
    55.791192,
    24.419635
   ],
   [
    55.791517,
    24.418512
   ],
   [
    55.791721,
    24.417822
   ],
   [
    55.791955,
    24.416991
   ],
   [
    55.792277,
    24.415936
   ],
   [
    55.792436,
    24.415364
   ],
   [
    55.792587,
    24.414762
   ],
   [
    55.79274,
    24.414093
   ],
   [
    55.792797,
    24.413845
   ],
   [
    55.793168,
    24.412145
   ],
   [
    55.793442,
    24.41089
   ],
   [
    55.79355,
    24.410307
   ],
   [
    55.793654,
    24.409771
   ],
   [
    55.79419,
    24.407343
   ],
   [
    55.794743,
    24.404867
   ],
   [
    55.795257,
    24.402454
   ],
   [
    55.795385,
    24.401804
   ],
   [
    55.795673,
    24.400453
   ],
   [
    55.795961,
    24.399088
   ],
   [
    55.796269,
    24.397626
   ],
   [
    55.796493,
    24.396809
   ],
   [
    55.796665,
    24.396048
   ],
   [
    55.79756,
    24.391928
   ],
   [
    55.797694,
    24.391305
   ],
   [
    55.79791,
    24.390268
   ],
   [
    55.798039,
    24.389633
   ],
   [
    55.798138,
    24.389061
   ],
   [
    55.79823,
    24.38849
   ],
   [
    55.798285,
    24.38807
   ],
   [
    55.798338,
    24.387614
   ],
   [
    55.798387,
    24.387181
   ],
   [
    55.798453,
    24.38634
   ],
   [
    55.79849,
    24.385648
   ],
   [
    55.798502,
    24.385011
   ],
   [
    55.798509,
    24.384241
   ],
   [
    55.79849,
    24.383192
   ],
   [
    55.798458,
    24.38252
   ],
   [
    55.79841,
    24.382
   ],
   [
    55.798302,
    24.381118
   ],
   [
    55.798143,
    24.380166
   ],
   [
    55.797989,
    24.379343
   ],
   [
    55.797863,
    24.378757
   ],
   [
    55.797757,
    24.378303
   ],
   [
    55.797583,
    24.377589
   ],
   [
    55.797307,
    24.376691
   ],
   [
    55.796953,
    24.375626
   ],
   [
    55.79661,
    24.374639
   ],
   [
    55.79631,
    24.373886
   ],
   [
    55.795838,
    24.37282
   ],
   [
    55.795462,
    24.372059
   ],
   [
    55.795044,
    24.371277
   ],
   [
    55.794947,
    24.371105
   ],
   [
    55.79455,
    24.370397
   ],
   [
    55.793938,
    24.36944
   ],
   [
    55.793338,
    24.36857
   ],
   [
    55.791342,
    24.365726
   ],
   [
    55.787711,
    24.360619
   ],
   [
    55.781656,
    24.352103
   ],
   [
    55.779744,
    24.349408
   ],
   [
    55.777892,
    24.346825
   ],
   [
    55.77774,
    24.346612
   ],
   [
    55.775323,
    24.343184
   ],
   [
    55.774723,
    24.342333
   ],
   [
    55.774123,
    24.341515
   ],
   [
    55.773543,
    24.340724
   ],
   [
    55.77306,
    24.340056
   ],
   [
    55.772322,
    24.339173
   ],
   [
    55.77173,
    24.338534
   ],
   [
    55.770973,
    24.337796
   ],
   [
    55.770196,
    24.337126
   ],
   [
    55.76946,
    24.336544
   ],
   [
    55.768324,
    24.335756
   ],
   [
    55.76706,
    24.334912
   ],
   [
    55.765474,
    24.333843
   ],
   [
    55.764617,
    24.333266
   ],
   [
    55.763857,
    24.332705
   ],
   [
    55.763227,
    24.332191
   ],
   [
    55.762645,
    24.331686
   ],
   [
    55.761915,
    24.330992
   ],
   [
    55.761434,
    24.330487
   ],
   [
    55.760772,
    24.329722
   ],
   [
    55.760051,
    24.32879
   ],
   [
    55.7594,
    24.327814
   ],
   [
    55.758761,
    24.326759
   ],
   [
    55.75783,
    24.325235
   ],
   [
    55.756921,
    24.323802
   ],
   [
    55.756215,
    24.322846
   ],
   [
    55.755462,
    24.321876
   ],
   [
    55.754426,
    24.32071
   ],
   [
    55.753213,
    24.319376
   ],
   [
    55.752153,
    24.318211
   ],
   [
    55.75114,
    24.317099
   ],
   [
    55.750528,
    24.316418
   ],
   [
    55.749867,
    24.31561
   ],
   [
    55.749378,
    24.314945
   ],
   [
    55.748902,
    24.314257
   ],
   [
    55.74846,
    24.313572
   ],
   [
    55.748114,
    24.312971
   ],
   [
    55.747466,
    24.311782
   ],
   [
    55.746758,
    24.310228
   ],
   [
    55.745947,
    24.308424
   ],
   [
    55.745113,
    24.306568
   ],
   [
    55.744401,
    24.305008
   ],
   [
    55.743907,
    24.30401
   ],
   [
    55.743611,
    24.303443
   ],
   [
    55.743387,
    24.303043
   ],
   [
    55.743155,
    24.302646
   ],
   [
    55.742917,
    24.302253
   ],
   [
    55.742672,
    24.301862
   ],
   [
    55.742432,
    24.301493
   ],
   [
    55.742186,
    24.301127
   ],
   [
    55.741933,
    24.300764
   ],
   [
    55.741491,
    24.300145
   ],
   [
    55.740946,
    24.299393
   ],
   [
    55.739875,
    24.297899
   ],
   [
    55.739607,
    24.297508
   ],
   [
    55.739348,
    24.297112
   ],
   [
    55.739097,
    24.296712
   ],
   [
    55.738881,
    24.296352
   ],
   [
    55.738672,
    24.29599
   ],
   [
    55.738469,
    24.295624
   ],
   [
    55.738196,
    24.295109
   ],
   [
    55.737934,
    24.294596
   ],
   [
    55.735639,
    24.289799
   ],
   [
    55.734861,
    24.288172
   ],
   [
    55.734036,
    24.286454
   ],
   [
    55.733392,
    24.285106
   ],
   [
    55.733216,
    24.284753
   ],
   [
    55.733032,
    24.284402
   ],
   [
    55.73284,
    24.284055
   ],
   [
    55.73264,
    24.283711
   ],
   [
    55.732433,
    24.283372
   ],
   [
    55.732219,
    24.283038
   ],
   [
    55.731998,
    24.282708
   ],
   [
    55.731769,
    24.282383
   ],
   [
    55.731533,
    24.282061
   ],
   [
    55.73112,
    24.281527
   ],
   [
    55.73085,
    24.281202
   ],
   [
    55.730572,
    24.280882
   ],
   [
    55.730287,
    24.280568
   ],
   [
    55.730027,
    24.280292
   ],
   [
    55.729761,
    24.280021
   ],
   [
    55.729489,
    24.279755
   ],
   [
    55.729212,
    24.279494
   ],
   [
    55.728977,
    24.27928
   ],
   [
    55.728739,
    24.279069
   ],
   [
    55.728497,
    24.278862
   ],
   [
    55.728253,
    24.278661
   ],
   [
    55.728006,
    24.278463
   ],
   [
    55.727755,
    24.278269
   ],
   [
    55.727441,
    24.278025
   ],
   [
    55.727343,
    24.277998
   ],
   [
    55.727248,
    24.277958
   ],
   [
    55.727156,
    24.277912
   ],
   [
    55.727068,
    24.277863
   ],
   [
    55.726984,
    24.277808
   ],
   [
    55.726637,
    24.277599
   ],
   [
    55.725899,
    24.277165
   ],
   [
    55.725572,
    24.276974
   ],
   [
    55.725242,
    24.276789
   ],
   [
    55.724907,
    24.27661
   ],
   [
    55.724569,
    24.276438
   ],
   [
    55.724227,
    24.276273
   ],
   [
    55.723882,
    24.276114
   ],
   [
    55.723036,
    24.275781
   ],
   [
    55.722699,
    24.275655
   ],
   [
    55.722359,
    24.275537
   ],
   [
    55.722017,
    24.275426
   ],
   [
    55.72173,
    24.275339
   ],
   [
    55.721441,
    24.275258
   ],
   [
    55.72115,
    24.275182
   ],
   [
    55.7205,
    24.275023
   ],
   [
    55.720379,
    24.274997
   ],
   [
    55.720257,
    24.274979
   ],
   [
    55.720134,
    24.274968
   ],
   [
    55.720028,
    24.274966
   ],
   [
    55.71992,
    24.274959
   ],
   [
    55.719823,
    24.274942
   ],
   [
    55.719746,
    24.274977
   ],
   [
    55.719678,
    24.274996
   ],
   [
    55.719631,
    24.275004
   ],
   [
    55.719608,
    24.275005
   ],
   [
    55.719537,
    24.275005
   ],
   [
    55.719467,
    24.274994
   ],
   [
    55.719399,
    24.274974
   ],
   [
    55.719336,
    24.274944
   ],
   [
    55.719278,
    24.274906
   ],
   [
    55.719245,
    24.274877
   ],
   [
    55.719224,
    24.274854
   ],
   [
    55.719185,
    24.274809
   ],
   [
    55.719145,
    24.274738
   ],
   [
    55.719137,
    24.274723
   ],
   [
    55.719124,
    24.274673
   ],
   [
    55.719115,
    24.27461
   ],
   [
    55.719112,
    24.274554
   ],
   [
    55.719127,
    24.274484
   ],
   [
    55.719154,
    24.274418
   ],
   [
    55.719193,
    24.274356
   ],
   [
    55.719243,
    24.274302
   ],
   [
    55.719303,
    24.274256
   ],
   [
    55.719369,
    24.274219
   ],
   [
    55.71943,
    24.274197
   ],
   [
    55.719494,
    24.274183
   ],
   [
    55.719561,
    24.274151
   ],
   [
    55.719623,
    24.274109
   ],
   [
    55.71968,
    24.274062
   ],
   [
    55.719733,
    24.27401
   ],
   [
    55.719781,
    24.273955
   ],
   [
    55.719822,
    24.273895
   ],
   [
    55.719858,
    24.273832
   ],
   [
    55.719966,
    24.27362
   ],
   [
    55.720042,
    24.273478
   ],
   [
    55.720115,
    24.273318
   ],
   [
    55.72019,
    24.273143
   ],
   [
    55.720231,
    24.27304
   ],
   [
    55.720267,
    24.272941
   ],
   [
    55.720314,
    24.272757
   ],
   [
    55.720353,
    24.272568
   ],
   [
    55.720384,
    24.272377
   ],
   [
    55.720407,
    24.272186
   ],
   [
    55.72042,
    24.272015
   ],
   [
    55.720426,
    24.271833
   ],
   [
    55.720401,
    24.271182
   ],
   [
    55.720389,
    24.270714
   ],
   [
    55.720386,
    24.27059
   ],
   [
    55.720383,
    24.270427
   ],
   [
    55.720331,
    24.267246
   ],
   [
    55.720307,
    24.266346
   ],
   [
    55.72028,
    24.265131
   ],
   [
    55.720258,
    24.264007
   ],
   [
    55.72024,
    24.263101
   ],
   [
    55.720223,
    24.262023
   ],
   [
    55.720205,
    24.261343
   ],
   [
    55.720171,
    24.259751
   ],
   [
    55.720163,
    24.259684
   ],
   [
    55.720153,
    24.259616
   ],
   [
    55.720135,
    24.259549
   ],
   [
    55.72011,
    24.259484
   ],
   [
    55.720077,
    24.259422
   ],
   [
    55.720038,
    24.259363
   ],
   [
    55.719994,
    24.259331
   ],
   [
    55.719941,
    24.259274
   ],
   [
    55.719905,
    24.259207
   ],
   [
    55.719887,
    24.259135
   ],
   [
    55.719887,
    24.259061
   ],
   [
    55.719907,
    24.258988
   ],
   [
    55.719944,
    24.258922
   ],
   [
    55.719982,
    24.258879
   ],
   [
    55.720038,
    24.258749
   ],
   [
    55.720079,
    24.258661
   ],
   [
    55.720111,
    24.258571
   ],
   [
    55.720127,
    24.258488
   ],
   [
    55.720132,
    24.258385
   ],
   [
    55.720048,
    24.257302
   ],
   [
    55.71999,
    24.256187
   ],
   [
    55.719822,
    24.252953
   ],
   [
    55.719819,
    24.252926
   ],
   [
    55.719809,
    24.252713
   ],
   [
    55.719742,
    24.251543
   ],
   [
    55.71958,
    24.249189
   ],
   [
    55.719538,
    24.248577
   ],
   [
    55.719523,
    24.248245
   ],
   [
    55.719518,
    24.248132
   ],
   [
    55.719516,
    24.248027
   ],
   [
    55.719515,
    24.247924
   ],
   [
    55.719511,
    24.24776
   ],
   [
    55.719508,
    24.247639
   ],
   [
    55.719495,
    24.246461
   ],
   [
    55.719351,
    24.24289
   ],
   [
    55.719352,
    24.24265
   ],
   [
    55.71934,
    24.242028
   ],
   [
    55.719338,
    24.241787
   ],
   [
    55.71932,
    24.240506
   ],
   [
    55.719322,
    24.239228
   ],
   [
    55.719349,
    24.236707
   ],
   [
    55.719341,
    24.235865
   ],
   [
    55.719359,
    24.234724
   ],
   [
    55.719364,
    24.234427
   ],
   [
    55.719369,
    24.234222
   ],
   [
    55.719382,
    24.233702
   ],
   [
    55.719387,
    24.233182
   ],
   [
    55.719389,
    24.232754
   ],
   [
    55.719391,
    24.231802
   ],
   [
    55.719412,
    24.231381
   ],
   [
    55.71944,
    24.231088
   ],
   [
    55.71946,
    24.230931
   ],
   [
    55.719468,
    24.230865
   ],
   [
    55.719502,
    24.230732
   ],
   [
    55.719522,
    24.230628
   ],
   [
    55.719544,
    24.230533
   ],
   [
    55.719594,
    24.230342
   ],
   [
    55.719666,
    24.230135
   ],
   [
    55.719934,
    24.229524
   ],
   [
    55.720065,
    24.229175
   ],
   [
    55.720412,
    24.228331
   ],
   [
    55.720511,
    24.228074
   ],
   [
    55.72067,
    24.227697
   ],
   [
    55.720834,
    24.227311
   ],
   [
    55.721604,
    24.225439
   ],
   [
    55.721714,
    24.225177
   ],
   [
    55.721988,
    24.224505
   ],
   [
    55.722116,
    24.224169
   ],
   [
    55.722125,
    24.224059
   ],
   [
    55.722115,
    24.223949
   ],
   [
    55.722086,
    24.223841
   ],
   [
    55.722039,
    24.223739
   ],
   [
    55.721973,
    24.223647
   ],
   [
    55.721945,
    24.22362
   ],
   [
    55.721919,
    24.223591
   ],
   [
    55.721896,
    24.22356
   ],
   [
    55.721875,
    24.223528
   ],
   [
    55.721857,
    24.223495
   ],
   [
    55.721833,
    24.223434
   ],
   [
    55.721817,
    24.22337
   ],
   [
    55.72181,
    24.223305
   ],
   [
    55.721812,
    24.22324
   ],
   [
    55.721824,
    24.223175
   ],
   [
    55.721845,
    24.223113
   ],
   [
    55.721874,
    24.223054
   ],
   [
    55.721912,
    24.222998
   ],
   [
    55.721958,
    24.222948
   ],
   [
    55.72201,
    24.222903
   ],
   [
    55.722068,
    24.222865
   ],
   [
    55.722092,
    24.222852
   ],
   [
    55.722117,
    24.22284
   ],
   [
    55.722185,
    24.22277
   ],
   [
    55.722236,
    24.222686
   ],
   [
    55.722274,
    24.222597
   ],
   [
    55.722297,
    24.222503
   ],
   [
    55.722379,
    24.222183
   ],
   [
    55.722411,
    24.222025
   ],
   [
    55.722503,
    24.221667
   ],
   [
    55.722675,
    24.221
   ],
   [
    55.722731,
    24.220783
   ],
   [
    55.722933,
    24.219979
   ],
   [
    55.723045,
    24.21954
   ],
   [
    55.723331,
    24.218418
   ],
   [
    55.723428,
    24.218055
   ],
   [
    55.723481,
    24.217833
   ],
   [
    55.723545,
    24.217598
   ],
   [
    55.72372,
    24.216906
   ],
   [
    55.723778,
    24.216684
   ],
   [
    55.723958,
    24.215982
   ],
   [
    55.724013,
    24.215749
   ],
   [
    55.724123,
    24.21528
   ],
   [
    55.724207,
    24.214956
   ],
   [
    55.724296,
    24.214604
   ],
   [
    55.724346,
    24.21442
   ],
   [
    55.724371,
    24.214327
   ],
   [
    55.724393,
    24.214243
   ],
   [
    55.724432,
    24.214092
   ],
   [
    55.724536,
    24.213665
   ],
   [
    55.72471,
    24.212975
   ],
   [
    55.724785,
    24.212681
   ],
   [
    55.724941,
    24.212081
   ],
   [
    55.725047,
    24.211675
   ],
   [
    55.725067,
    24.211595
   ],
   [
    55.725095,
    24.211464
   ],
   [
    55.725297,
    24.211513
   ],
   [
    55.725392,
    24.211536
   ],
   [
    55.7256,
    24.211579
   ],
   [
    55.725872,
    24.211624
   ],
   [
    55.726499,
    24.211663
   ],
   [
    55.726753,
    24.211677
   ],
   [
    55.727972,
    24.211741
   ],
   [
    55.728583,
    24.211766
   ],
   [
    55.729362,
    24.211808
   ],
   [
    55.73024,
    24.211857
   ],
   [
    55.7305,
    24.211872
   ],
   [
    55.732625,
    24.211984
   ],
   [
    55.732754,
    24.211996
   ],
   [
    55.732889,
    24.212012
   ],
   [
    55.733025,
    24.212024
   ],
   [
    55.733093,
    24.212034
   ],
   [
    55.733164,
    24.212041
   ],
   [
    55.733225,
    24.212048
   ],
   [
    55.733287,
    24.212049
   ],
   [
    55.733348,
    24.212044
   ],
   [
    55.733409,
    24.212033
   ],
   [
    55.733468,
    24.212017
   ],
   [
    55.733527,
    24.211997
   ],
   [
    55.733573,
    24.211953
   ],
   [
    55.733627,
    24.211918
   ],
   [
    55.733687,
    24.211892
   ],
   [
    55.733751,
    24.211878
   ],
   [
    55.733818,
    24.211875
   ],
   [
    55.733884,
    24.211883
   ],
   [
    55.733946,
    24.211903
   ],
   [
    55.734004,
    24.211933
   ],
   [
    55.734054,
    24.211973
   ],
   [
    55.734096,
    24.21202
   ],
   [
    55.734162,
    24.212055
   ],
   [
    55.73423,
    24.212084
   ],
   [
    55.734302,
    24.212105
   ],
   [
    55.734376,
    24.212117
   ],
   [
    55.734451,
    24.212121
   ],
   [
    55.734525,
    24.21212
   ],
   [
    55.734856,
    24.212113
   ],
   [
    55.735062,
    24.212115
   ],
   [
    55.735558,
    24.212136
   ],
   [
    55.735814,
    24.212148
   ],
   [
    55.736684,
    24.212202
   ],
   [
    55.736768,
    24.212204
   ],
   [
    55.736851,
    24.212194
   ],
   [
    55.736932,
    24.212173
   ],
   [
    55.736971,
    24.212158
   ],
   [
    55.737008,
    24.212141
   ],
   [
    55.737045,
    24.212122
   ],
   [
    55.737079,
    24.2121
   ],
   [
    55.737117,
    24.212061
   ],
   [
    55.737161,
    24.212029
   ],
   [
    55.737203,
    24.211968
   ],
   [
    55.737234,
    24.211903
   ],
   [
    55.737255,
    24.211834
   ],
   [
    55.737264,
    24.211764
   ],
   [
    55.737262,
    24.211693
   ],
   [
    55.737203,
    24.210712
   ],
   [
    55.737193,
    24.210431
   ],
   [
    55.73712,
    24.209205
   ],
   [
    55.737113,
    24.209092
   ],
   [
    55.737111,
    24.208989
   ],
   [
    55.737097,
    24.208636
   ],
   [
    55.737075,
    24.208234
   ],
   [
    55.737054,
    24.208061
   ],
   [
    55.73703,
    24.207922
   ],
   [
    55.737004,
    24.20781
   ],
   [
    55.73698,
    24.207716
   ],
   [
    55.736939,
    24.207628
   ],
   [
    55.736883,
    24.207547
   ],
   [
    55.736813,
    24.207475
   ],
   [
    55.736732,
    24.207412
   ],
   [
    55.736663,
    24.207385
   ],
   [
    55.7366,
    24.207348
   ],
   [
    55.736538,
    24.207295
   ],
   [
    55.736488,
    24.207232
   ],
   [
    55.736452,
    24.207162
   ],
   [
    55.736431,
    24.207086
   ],
   [
    55.736426,
    24.207009
   ],
   [
    55.736438,
    24.206932
   ],
   [
    55.736465,
    24.206858
   ],
   [
    55.736493,
    24.206811
   ],
   [
    55.736527,
    24.206767
   ],
   [
    55.736589,
    24.20671
   ],
   [
    55.736662,
    24.206665
   ],
   [
    55.736743,
    24.206634
   ],
   [
    55.736829,
    24.206618
   ],
   [
    55.736917,
    24.206618
   ],
   [
    55.736989,
    24.20663
   ],
   [
    55.737058,
    24.206652
   ],
   [
    55.737122,
    24.206684
   ],
   [
    55.737224,
    24.206692
   ],
   [
    55.737326,
    24.206696
   ],
   [
    55.737428,
    24.206693
   ],
   [
    55.73753,
    24.206683
   ],
   [
    55.73763,
    24.206666
   ],
   [
    55.737729,
    24.206643
   ],
   [
    55.738199,
    24.206522
   ],
   [
    55.738822,
    24.206376
   ],
   [
    55.740037,
    24.206141
   ],
   [
    55.741326,
    24.205893
   ],
   [
    55.741517,
    24.205859
   ],
   [
    55.741941,
    24.205782
   ],
   [
    55.743713,
    24.205435
   ],
   [
    55.743996,
    24.205391
   ],
   [
    55.744245,
    24.205346
   ],
   [
    55.744494,
    24.205296
   ],
   [
    55.74488,
    24.205216
   ],
   [
    55.745268,
    24.205142
   ],
   [
    55.745653,
    24.205064
   ],
   [
    55.74609,
    24.20499
   ],
   [
    55.746546,
    24.204939
   ],
   [
    55.74682,
    24.204917
   ],
   [
    55.747263,
    24.204904
   ],
   [
    55.747576,
    24.204908
   ],
   [
    55.747826,
    24.204918
   ],
   [
    55.748043,
    24.204929
   ],
   [
    55.748321,
    24.204959
   ],
   [
    55.748601,
    24.204993
   ],
   [
    55.748865,
    24.205026
   ],
   [
    55.749418,
    24.205089
   ],
   [
    55.750181,
    24.205126
   ],
   [
    55.751463,
    24.205189
   ],
   [
    55.752873,
    24.205231
   ],
   [
    55.753833,
    24.205256
   ],
   [
    55.753886,
    24.205259
   ],
   [
    55.754418,
    24.205266
   ],
   [
    55.754519,
    24.205271
   ],
   [
    55.756369,
    24.205304
   ],
   [
    55.757018,
    24.20533
   ],
   [
    55.757222,
    24.205338
   ],
   [
    55.758251,
    24.205399
   ],
   [
    55.758747,
    24.205412
   ],
   [
    55.760499,
    24.205456
   ],
   [
    55.760999,
    24.205464
   ],
   [
    55.763919,
    24.205541
   ],
   [
    55.764302,
    24.205551
   ],
   [
    55.764795,
    24.205555
   ],
   [
    55.765177,
    24.205565
   ],
   [
    55.766255,
    24.205592
   ],
   [
    55.766513,
    24.205599
   ],
   [
    55.766926,
    24.205609
   ],
   [
    55.767322,
    24.205619
   ],
   [
    55.76778,
    24.205631
   ],
   [
    55.768076,
    24.205639
   ],
   [
    55.769403,
    24.205662
   ],
   [
    55.76987,
    24.205674
   ],
   [
    55.77134,
    24.205707
   ],
   [
    55.772123,
    24.205721
   ],
   [
    55.773923,
    24.205784
   ],
   [
    55.7743,
    24.205797
   ],
   [
    55.774554,
    24.205806
   ],
   [
    55.775431,
    24.205812
   ],
   [
    55.776282,
    24.205829
   ],
   [
    55.776587,
    24.205838
   ],
   [
    55.777542,
    24.205797
   ],
   [
    55.778818,
    24.205799
   ],
   [
    55.778969,
    24.205801
   ],
   [
    55.77919,
    24.205802
   ],
   [
    55.779616,
    24.205802
   ],
   [
    55.779783,
    24.205773
   ],
   [
    55.779967,
    24.205765
   ],
   [
    55.780197,
    24.205766
   ],
   [
    55.781697,
    24.205745
   ],
   [
    55.781778,
    24.205728
   ],
   [
    55.781859,
    24.205695
   ],
   [
    55.782014,
    24.20562
   ],
   [
    55.782069,
    24.205587
   ],
   [
    55.782179,
    24.205512
   ],
   [
    55.78226,
    24.205407
   ],
   [
    55.782708,
    24.204532
   ],
   [
    55.782815,
    24.204392
   ],
   [
    55.782867,
    24.204323
   ],
   [
    55.784585,
    24.20093
   ],
   [
    55.784904,
    24.200289
   ],
   [
    55.785036,
    24.200024
   ],
   [
    55.785112,
    24.19987
   ],
   [
    55.787694,
    24.194678
   ],
   [
    55.788201,
    24.193659
   ],
   [
    55.788236,
    24.19358
   ],
   [
    55.788262,
    24.193497
   ],
   [
    55.788278,
    24.193412
   ],
   [
    55.788284,
    24.193326
   ],
   [
    55.78828,
    24.193241
   ],
   [
    55.788247,
    24.193185
   ],
   [
    55.788225,
    24.193125
   ],
   [
    55.788216,
    24.193047
   ],
   [
    55.788226,
    24.192968
   ],
   [
    55.788256,
    24.192894
   ],
   [
    55.788303,
    24.192828
   ],
   [
    55.788366,
    24.192773
   ],
   [
    55.78844,
    24.192733
   ],
   [
    55.788515,
    24.192711
   ],
   [
    55.788622,
    24.192633
   ],
   [
    55.788669,
    24.192592
   ],
   [
    55.788715,
    24.192551
   ],
   [
    55.788756,
    24.192506
   ],
   [
    55.788792,
    24.192457
   ],
   [
    55.788825,
    24.192406
   ],
   [
    55.791208,
    24.187592
   ],
   [
    55.791259,
    24.187473
   ],
   [
    55.791312,
    24.187339
   ],
   [
    55.79135,
    24.187216
   ],
   [
    55.791378,
    24.187115
   ],
   [
    55.791437,
    24.186903
   ],
   [
    55.79148,
    24.186759
   ],
   [
    55.791526,
    24.186606
   ],
   [
    55.791585,
    24.186441
   ],
   [
    55.791661,
    24.186263
   ],
   [
    55.791735,
    24.186101
   ],
   [
    55.791836,
    24.18593
   ],
   [
    55.791921,
    24.185785
   ],
   [
    55.792017,
    24.185657
   ],
   [
    55.792123,
    24.185509
   ],
   [
    55.792221,
    24.185376
   ],
   [
    55.792296,
    24.185273
   ],
   [
    55.792362,
    24.185177
   ],
   [
    55.792441,
    24.185059
   ],
   [
    55.792516,
    24.18494
   ],
   [
    55.792631,
    24.184733
   ],
   [
    55.801733,
    24.166433
   ],
   [
    55.802829,
    24.164231
   ],
   [
    55.802892,
    24.164103
   ],
   [
    55.802929,
    24.164028
   ],
   [
    55.803004,
    24.163878
   ],
   [
    55.803185,
    24.163515
   ],
   [
    55.8046,
    24.160668
   ],
   [
    55.805346,
    24.159175
   ],
   [
    55.805889,
    24.158086
   ],
   [
    55.806089,
    24.157686
   ],
   [
    55.806117,
    24.15763
   ],
   [
    55.806166,
    24.157531
   ],
   [
    55.806211,
    24.157439
   ],
   [
    55.806429,
    24.157002
   ],
   [
    55.808203,
    24.153434
   ],
   [
    55.809204,
    24.151429
   ],
   [
    55.809701,
    24.150424
   ],
   [
    55.80995,
    24.149922
   ],
   [
    55.810284,
    24.14925
   ],
   [
    55.810338,
    24.14914
   ],
   [
    55.810375,
    24.149045
   ],
   [
    55.810394,
    24.148978
   ],
   [
    55.810408,
    24.148899
   ],
   [
    55.810413,
    24.148805
   ],
   [
    55.810417,
    24.148739
   ],
   [
    55.810383,
    24.148682
   ],
   [
    55.810363,
    24.148619
   ],
   [
    55.810357,
    24.148554
   ],
   [
    55.810364,
    24.148489
   ],
   [
    55.810385,
    24.148427
   ],
   [
    55.81042,
    24.148369
   ],
   [
    55.810465,
    24.148319
   ],
   [
    55.810521,
    24.148278
   ],
   [
    55.810584,
    24.148248
   ],
   [
    55.810653,
    24.148229
   ],
   [
    55.810746,
    24.148149
   ],
   [
    55.810796,
    24.148105
   ],
   [
    55.810843,
    24.148058
   ],
   [
    55.810886,
    24.148007
   ],
   [
    55.810924,
    24.147954
   ],
   [
    55.810958,
    24.147898
   ],
   [
    55.813676,
    24.142456
   ],
   [
    55.815219,
    24.139346
   ],
   [
    55.815999,
    24.137783
   ],
   [
    55.816401,
    24.136966
   ],
   [
    55.816798,
    24.13617
   ],
   [
    55.818147,
    24.133467
   ],
   [
    55.818844,
    24.132087
   ],
   [
    55.819013,
    24.131743
   ],
   [
    55.81954,
    24.130668
   ],
   [
    55.820281,
    24.129182
   ],
   [
    55.820621,
    24.128489
   ],
   [
    55.820922,
    24.127759
   ],
   [
    55.821248,
    24.126845
   ],
   [
    55.821504,
    24.125921
   ],
   [
    55.821974,
    24.124088
   ],
   [
    55.822329,
    24.122753
   ],
   [
    55.822342,
    24.122637
   ],
   [
    55.822342,
    24.122528
   ],
   [
    55.822337,
    24.12245
   ],
   [
    55.822332,
    24.12235
   ],
   [
    55.822315,
    24.122226
   ],
   [
    55.822287,
    24.12218
   ],
   [
    55.822267,
    24.122129
   ],
   [
    55.822257,
    24.122077
   ],
   [
    55.822256,
    24.122023
   ],
   [
    55.822264,
    24.12197
   ],
   [
    55.822281,
    24.12192
   ],
   [
    55.822307,
    24.121872
   ],
   [
    55.822341,
    24.121828
   ],
   [
    55.822382,
    24.12179
   ],
   [
    55.822429,
    24.121759
   ],
   [
    55.822505,
    24.121668
   ],
   [
    55.822574,
    24.121573
   ],
   [
    55.822636,
    24.121474
   ],
   [
    55.822691,
    24.121372
   ],
   [
    55.822739,
    24.121266
   ],
   [
    55.822774,
    24.12116
   ],
   [
    55.823611,
    24.117707
   ],
   [
    55.825229,
    24.111444
   ],
   [
    55.825254,
    24.111347
   ],
   [
    55.825269,
    24.111243
   ],
   [
    55.825269,
    24.111148
   ],
   [
    55.825247,
    24.111052
   ],
   [
    55.825178,
    24.110884
   ],
   [
    55.825098,
    24.110817
   ],
   [
    55.82503,
    24.110739
   ],
   [
    55.824945,
    24.110564
   ],
   [
    55.824924,
    24.110374
   ],
   [
    55.824971,
    24.110187
   ],
   [
    55.825081,
    24.110024
   ],
   [
    55.825241,
    24.1099
   ],
   [
    55.825328,
    24.109861
   ],
   [
    55.82542,
    24.109833
   ],
   [
    55.825563,
    24.1097
   ],
   [
    55.825636,
    24.109622
   ],
   [
    55.825695,
    24.109534
   ],
   [
    55.825739,
    24.10944
   ],
   [
    55.825795,
    24.109258
   ],
   [
    55.826253,
    24.107481
   ],
   [
    55.831035,
    24.088906
   ],
   [
    55.831144,
    24.088481
   ],
   [
    55.831329,
    24.087762
   ],
   [
    55.831413,
    24.087436
   ],
   [
    55.831744,
    24.086149
   ],
   [
    55.831768,
    24.086058
   ],
   [
    55.831774,
    24.085948
   ],
   [
    55.831754,
    24.085867
   ],
   [
    55.831673,
    24.085664
   ],
   [
    55.831632,
    24.085555
   ],
   [
    55.831635,
    24.08544
   ],
   [
    55.831681,
    24.085333
   ],
   [
    55.831763,
    24.085245
   ],
   [
    55.831823,
    24.085211
   ],
   [
    55.831905,
    24.085126
   ],
   [
    55.831968,
    24.085054
   ],
   [
    55.832021,
    24.084974
   ],
   [
    55.832066,
    24.084883
   ],
   [
    55.832095,
    24.084805
   ],
   [
    55.832143,
    24.08462
   ],
   [
    55.8349,
    24.073976
   ],
   [
    55.835552,
    24.071453
   ],
   [
    55.836976,
    24.06594
   ],
   [
    55.837315,
    24.064629
   ],
   [
    55.837326,
    24.064543
   ],
   [
    55.83732,
    24.06446
   ],
   [
    55.837311,
    24.064386
   ],
   [
    55.837275,
    24.064251
   ],
   [
    55.837227,
    24.064157
   ],
   [
    55.837218,
    24.064055
   ],
   [
    55.837265,
    24.06393
   ],
   [
    55.837319,
    24.063875
   ],
   [
    55.837414,
    24.06382
   ],
   [
    55.837467,
    24.063742
   ],
   [
    55.837514,
    24.063668
   ],
   [
    55.837551,
    24.063584
   ],
   [
    55.837584,
    24.063494
   ],
   [
    55.841812,
    24.047176
   ],
   [
    55.841876,
    24.046929
   ],
   [
    55.841904,
    24.046809
   ],
   [
    55.842273,
    24.045313
   ],
   [
    55.842288,
    24.045225
   ],
   [
    55.842283,
    24.045147
   ],
   [
    55.842265,
    24.045062
   ],
   [
    55.84219,
    24.044962
   ],
   [
    55.842143,
    24.044912
   ],
   [
    55.842041,
    24.044816
   ],
   [
    55.841968,
    24.044773
   ],
   [
    55.841875,
    24.04472
   ],
   [
    55.841728,
    24.044687
   ],
   [
    55.841188,
    24.044564
   ],
   [
    55.841035,
    24.044532
   ],
   [
    55.839732,
    24.044261
   ],
   [
    55.836912,
    24.043595
   ],
   [
    55.836856,
    24.043582
   ],
   [
    55.836774,
    24.043583
   ],
   [
    55.836692,
    24.043575
   ],
   [
    55.836612,
    24.043559
   ],
   [
    55.836534,
    24.043535
   ],
   [
    55.83646,
    24.043504
   ],
   [
    55.83639,
    24.043466
   ],
   [
    55.836158,
    24.043417
   ],
   [
    55.835461,
    24.04327
   ],
   [
    55.835286,
    24.04324
   ],
   [
    55.83511,
    24.043216
   ],
   [
    55.834743,
    24.043187
   ],
   [
    55.834608,
    24.04317
   ],
   [
    55.83449,
    24.043154
   ],
   [
    55.834373,
    24.043135
   ],
   [
    55.83423,
    24.043108
   ],
   [
    55.834087,
    24.043076
   ],
   [
    55.833529,
    24.042963
   ],
   [
    55.833409,
    24.042944
   ],
   [
    55.833289,
    24.042931
   ],
   [
    55.833167,
    24.042923
   ],
   [
    55.832977,
    24.042911
   ],
   [
    55.832788,
    24.042893
   ],
   [
    55.832587,
    24.042867
   ],
   [
    55.832431,
    24.042846
   ],
   [
    55.829675,
    24.042476
   ],
   [
    55.82965,
    24.042634
   ],
   [
    55.8296,
    24.042967
   ],
   [
    55.829463,
    24.043908
   ],
   [
    55.82936,
    24.044611
   ],
   [
    55.829314,
    24.044913
   ],
   [
    55.82936,
    24.044611
   ],
   [
    55.829463,
    24.043908
   ],
   [
    55.8296,
    24.042967
   ],
   [
    55.82965,
    24.042634
   ],
   [
    55.829675,
    24.042476
   ],
   [
    55.832431,
    24.042846
   ],
   [
    55.832587,
    24.042867
   ],
   [
    55.832788,
    24.042893
   ],
   [
    55.832977,
    24.042911
   ],
   [
    55.833167,
    24.042923
   ],
   [
    55.833289,
    24.042931
   ],
   [
    55.833409,
    24.042944
   ],
   [
    55.833529,
    24.042963
   ],
   [
    55.834087,
    24.043076
   ],
   [
    55.83423,
    24.043108
   ],
   [
    55.834373,
    24.043135
   ],
   [
    55.83449,
    24.043154
   ],
   [
    55.834608,
    24.04317
   ],
   [
    55.834743,
    24.043187
   ],
   [
    55.83511,
    24.043216
   ],
   [
    55.835286,
    24.04324
   ],
   [
    55.835461,
    24.04327
   ],
   [
    55.836158,
    24.043417
   ],
   [
    55.83639,
    24.043466
   ],
   [
    55.836489,
    24.043461
   ],
   [
    55.836587,
    24.043471
   ],
   [
    55.836683,
    24.043495
   ],
   [
    55.836773,
    24.043532
   ],
   [
    55.836856,
    24.043582
   ],
   [
    55.836912,
    24.043595
   ],
   [
    55.839732,
    24.044261
   ],
   [
    55.841035,
    24.044532
   ],
   [
    55.841188,
    24.044564
   ],
   [
    55.841728,
    24.044687
   ],
   [
    55.841875,
    24.04472
   ],
   [
    55.841991,
    24.044727
   ],
   [
    55.84207,
    24.04472
   ],
   [
    55.84221,
    24.044696
   ],
   [
    55.842252,
    24.044671
   ],
   [
    55.842341,
    24.044612
   ],
   [
    55.84242,
    24.044503
   ],
   [
    55.842481,
    24.044397
   ],
   [
    55.842524,
    24.044274
   ],
   [
    55.842623,
    24.043836
   ],
   [
    55.842787,
    24.043063
   ],
   [
    55.842954,
    24.042258
   ],
   [
    55.842985,
    24.042112
   ],
   [
    55.843259,
    24.040837
   ],
   [
    55.843352,
    24.040399
   ],
   [
    55.843398,
    24.040196
   ],
   [
    55.843464,
    24.039899
   ],
   [
    55.843634,
    24.039106
   ],
   [
    55.843641,
    24.039046
   ],
   [
    55.843645,
    24.038975
   ],
   [
    55.843626,
    24.038802
   ],
   [
    55.843593,
    24.038761
   ],
   [
    55.84357,
    24.038715
   ],
   [
    55.843557,
    24.038628
   ],
   [
    55.84358,
    24.038543
   ],
   [
    55.843635,
    24.038472
   ],
   [
    55.843703,
    24.038428
   ],
   [
    55.843754,
    24.038354
   ],
   [
    55.843789,
    24.038284
   ],
   [
    55.843817,
    24.038214
   ],
   [
    55.843897,
    24.037846
   ],
   [
    55.843991,
    24.037371
   ],
   [
    55.844398,
    24.035496
   ],
   [
    55.844481,
    24.035114
   ],
   [
    55.844578,
    24.034629
   ],
   [
    55.844638,
    24.034324
   ],
   [
    55.844653,
    24.034248
   ],
   [
    55.844878,
    24.033186
   ],
   [
    55.845082,
    24.032261
   ],
   [
    55.845332,
    24.031109
   ],
   [
    55.845581,
    24.029931
   ],
   [
    55.845627,
    24.02972
   ],
   [
    55.845674,
    24.029443
   ],
   [
    55.845688,
    24.029333
   ],
   [
    55.845692,
    24.029228
   ],
   [
    55.845689,
    24.029128
   ],
   [
    55.845655,
    24.029091
   ],
   [
    55.845632,
    24.029043
   ],
   [
    55.845624,
    24.028991
   ],
   [
    55.845632,
    24.02894
   ],
   [
    55.845656,
    24.028892
   ],
   [
    55.845692,
    24.028852
   ],
   [
    55.845703,
    24.028843
   ],
   [
    55.845743,
    24.028767
   ],
   [
    55.845775,
    24.028695
   ],
   [
    55.845798,
    24.028627
   ],
   [
    55.845819,
    24.028542
   ],
   [
    55.845829,
    24.028469
   ],
   [
    55.845961,
    24.027408
   ],
   [
    55.846,
    24.026966
   ],
   [
    55.846035,
    24.026755
   ],
   [
    55.846071,
    24.026544
   ],
   [
    55.846345,
    24.025263
   ],
   [
    55.846393,
    24.025102
   ],
   [
    55.846439,
    24.024958
   ],
   [
    55.846799,
    24.023851
   ],
   [
    55.846877,
    24.023606
   ],
   [
    55.846951,
    24.023316
   ],
   [
    55.846956,
    24.023295
   ],
   [
    55.847148,
    24.022469
   ],
   [
    55.847256,
    24.022253
   ],
   [
    55.847304,
    24.021681
   ],
   [
    55.847311,
    24.021471
   ],
   [
    55.847305,
    24.021465
   ],
   [
    55.847301,
    24.021457
   ],
   [
    55.847295,
    24.021422
   ],
   [
    55.847289,
    24.021376
   ],
   [
    55.847281,
    24.02127
   ],
   [
    55.847266,
    24.021092
   ],
   [
    55.847229,
    24.020941
   ],
   [
    55.847206,
    24.020859
   ],
   [
    55.847195,
    24.020802
   ],
   [
    55.847162,
    24.020713
   ],
   [
    55.847098,
    24.020573
   ],
   [
    55.847006,
    24.020543
   ],
   [
    55.846934,
    24.020492
   ],
   [
    55.846882,
    24.020423
   ],
   [
    55.846856,
    24.020343
   ],
   [
    55.846858,
    24.02026
   ],
   [
    55.846888,
    24.020181
   ],
   [
    55.846879,
    24.020123
   ],
   [
    55.846871,
    24.020032
   ],
   [
    55.846832,
    24.019948
   ],
   [
    55.846766,
    24.019879
   ],
   [
    55.84668,
    24.019833
   ],
   [
    55.846573,
    24.019808
   ],
   [
    55.846274,
    24.019745
   ],
   [
    55.845845,
    24.019558
   ],
   [
    55.845754,
    24.019515
   ],
   [
    55.845672,
    24.019459
   ],
   [
    55.845601,
    24.019391
   ],
   [
    55.845544,
    24.019313
   ],
   [
    55.845502,
    24.019228
   ],
   [
    55.845477,
    24.019137
   ],
   [
    55.845389,
    24.018486
   ],
   [
    55.844982,
    24.015463
   ],
   [
    55.844986,
    24.015407
   ],
   [
    55.845009,
    24.015354
   ],
   [
    55.845047,
    24.01531
   ],
   [
    55.845097,
    24.015278
   ],
   [
    55.845155,
    24.01526
   ],
   [
    55.846964,
    24.015064
   ],
   [
    55.847602,
    24.014955
   ],
   [
    55.847989,
    24.014909
   ],
   [
    55.8481,
    24.014875
   ],
   [
    55.848183,
    24.014834
   ],
   [
    55.848238,
    24.014774
   ],
   [
    55.848276,
    24.014692
   ],
   [
    55.848283,
    24.014571
   ],
   [
    55.84823,
    24.013722
   ],
   [
    55.848181,
    24.013366
   ],
   [
    55.848022,
    24.012322
   ],
   [
    55.847982,
    24.012131
   ],
   [
    55.847908,
    24.01195
   ],
   [
    55.847802,
    24.011782
   ],
   [
    55.847765,
    24.011758
   ],
   [
    55.847732,
    24.01173
   ],
   [
    55.847696,
    24.01169
   ],
   [
    55.847667,
    24.011647
   ],
   [
    55.847645,
    24.011599
   ],
   [
    55.847631,
    24.01155
   ],
   [
    55.847626,
    24.011499
   ],
   [
    55.847629,
    24.011448
   ],
   [
    55.847639,
    24.011398
   ],
   [
    55.847659,
    24.011347
   ],
   [
    55.847687,
    24.0113
   ],
   [
    55.847723,
    24.011258
   ],
   [
    55.847766,
    24.011221
   ],
   [
    55.847814,
    24.01119
   ],
   [
    55.847867,
    24.011167
   ],
   [
    55.847924,
    24.011152
   ],
   [
    55.847982,
    24.011144
   ],
   [
    55.848041,
    24.011145
   ],
   [
    55.848099,
    24.011154
   ],
   [
    55.848154,
    24.011172
   ],
   [
    55.8482,
    24.011193
   ],
   [
    55.848242,
    24.011219
   ],
   [
    55.848279,
    24.011251
   ],
   [
    55.848312,
    24.011287
   ],
   [
    55.848342,
    24.011331
   ],
   [
    55.848364,
    24.011379
   ],
   [
    55.848378,
    24.01143
   ],
   [
    55.848384,
    24.011482
   ],
   [
    55.848381,
    24.011534
   ],
   [
    55.848369,
    24.011585
   ],
   [
    55.848349,
    24.011634
   ],
   [
    55.848324,
    24.011676
   ],
   [
    55.848293,
    24.011715
   ],
   [
    55.848255,
    24.011749
   ],
   [
    55.848213,
    24.011891
   ],
   [
    55.848184,
    24.012035
   ],
   [
    55.848168,
    24.01218
   ],
   [
    55.848166,
    24.012326
   ],
   [
    55.848228,
    24.01284
   ],
   [
    55.848289,
    24.013354
   ],
   [
    55.848472,
    24.015027
   ],
   [
    55.848472,
    24.01522
   ],
   [
    55.84841,
    24.015443
   ],
   [
    55.848307,
    24.0156
   ],
   [
    55.848186,
    24.015676
   ],
   [
    55.848057,
    24.015737
   ],
   [
    55.847853,
    24.015788
   ],
   [
    55.846063,
    24.016096
   ],
   [
    55.845939,
    24.016123
   ],
   [
    55.845852,
    24.016175
   ],
   [
    55.845803,
    24.016244
   ],
   [
    55.845784,
    24.016341
   ],
   [
    55.845784,
    24.01643
   ],
   [
    55.846026,
    24.018429
   ],
   [
    55.846108,
    24.019111
   ],
   [
    55.846192,
    24.019353
   ],
   [
    55.846353,
    24.019512
   ],
   [
    55.846566,
    24.019618
   ],
   [
    55.846868,
    24.019703
   ],
   [
    55.847056,
    24.019831
   ],
   [
    55.847184,
    24.019957
   ],
   [
    55.847251,
    24.020053
   ],
   [
    55.847335,
    24.020097
   ],
   [
    55.847399,
    24.020163
   ],
   [
    55.847437,
    24.020245
   ],
   [
    55.847443,
    24.020333
   ],
   [
    55.847418,
    24.020419
   ],
   [
    55.847364,
    24.020493
   ],
   [
    55.847287,
    24.020546
   ],
   [
    55.847195,
    24.020574
   ],
   [
    55.847098,
    24.020573
   ],
   [
    55.847006,
    24.020543
   ],
   [
    55.846934,
    24.020492
   ],
   [
    55.846882,
    24.020423
   ],
   [
    55.846856,
    24.020343
   ],
   [
    55.846858,
    24.02026
   ],
   [
    55.846888,
    24.020181
   ],
   [
    55.846879,
    24.020123
   ],
   [
    55.846871,
    24.020032
   ],
   [
    55.846832,
    24.019948
   ],
   [
    55.846766,
    24.019879
   ],
   [
    55.84668,
    24.019833
   ],
   [
    55.846573,
    24.019808
   ],
   [
    55.846274,
    24.019745
   ],
   [
    55.845845,
    24.019558
   ],
   [
    55.845754,
    24.019515
   ],
   [
    55.845672,
    24.019459
   ],
   [
    55.845601,
    24.019391
   ],
   [
    55.845544,
    24.019313
   ],
   [
    55.845502,
    24.019228
   ],
   [
    55.845477,
    24.019137
   ],
   [
    55.845389,
    24.018486
   ],
   [
    55.844982,
    24.015463
   ],
   [
    55.844986,
    24.015407
   ],
   [
    55.845009,
    24.015354
   ],
   [
    55.845047,
    24.01531
   ],
   [
    55.845097,
    24.015278
   ],
   [
    55.845155,
    24.01526
   ],
   [
    55.846964,
    24.015064
   ],
   [
    55.847602,
    24.014955
   ],
   [
    55.847989,
    24.014909
   ],
   [
    55.8481,
    24.014875
   ],
   [
    55.848183,
    24.014834
   ],
   [
    55.848238,
    24.014774
   ],
   [
    55.848276,
    24.014692
   ],
   [
    55.848283,
    24.014571
   ],
   [
    55.84823,
    24.013722
   ],
   [
    55.848181,
    24.013366
   ],
   [
    55.848022,
    24.012322
   ],
   [
    55.847982,
    24.012131
   ],
   [
    55.847908,
    24.01195
   ],
   [
    55.847802,
    24.011782
   ],
   [
    55.847765,
    24.011758
   ],
   [
    55.847732,
    24.01173
   ],
   [
    55.847696,
    24.01169
   ],
   [
    55.847667,
    24.011647
   ],
   [
    55.847645,
    24.011599
   ],
   [
    55.847631,
    24.01155
   ],
   [
    55.847626,
    24.011499
   ],
   [
    55.847629,
    24.011448
   ],
   [
    55.847639,
    24.011398
   ],
   [
    55.847659,
    24.011347
   ],
   [
    55.847687,
    24.0113
   ],
   [
    55.847707,
    24.0112
   ],
   [
    55.847713,
    24.011086
   ],
   [
    55.847705,
    24.010984
   ],
   [
    55.847686,
    24.010895
   ],
   [
    55.847645,
    24.010776
   ],
   [
    55.847543,
    24.010564
   ],
   [
    55.847448,
    24.010407
   ],
   [
    55.847345,
    24.010258
   ],
   [
    55.847234,
    24.010114
   ],
   [
    55.847083,
    24.009949
   ],
   [
    55.846618,
    24.009531
   ],
   [
    55.846473,
    24.009364
   ],
   [
    55.846333,
    24.009195
   ],
   [
    55.846198,
    24.008996
   ],
   [
    55.846069,
    24.008778
   ],
   [
    55.845963,
    24.008564
   ],
   [
    55.845928,
    24.008469
   ],
   [
    55.845901,
    24.008398
   ],
   [
    55.845841,
    24.008213
   ],
   [
    55.845791,
    24.008057
   ],
   [
    55.845753,
    24.007845
   ],
   [
    55.84573,
    24.007645
   ],
   [
    55.845727,
    24.007487
   ],
   [
    55.845712,
    24.007084
   ],
   [
    55.845536,
    24.002224
   ],
   [
    55.845513,
    24.001095
   ],
   [
    55.845492,
    23.999876
   ],
   [
    55.845459,
    23.999282
   ],
   [
    55.845412,
    23.998716
   ],
   [
    55.84516,
    23.996629
   ],
   [
    55.844888,
    23.994544
   ],
   [
    55.844732,
    23.99322
   ],
   [
    55.84459,
    23.992165
   ],
   [
    55.844552,
    23.991886
   ],
   [
    55.844386,
    23.990567
   ],
   [
    55.844208,
    23.98925
   ],
   [
    55.843604,
    23.984818
   ],
   [
    55.843569,
    23.984685
   ],
   [
    55.843518,
    23.984558
   ],
   [
    55.843451,
    23.984436
   ],
   [
    55.843368,
    23.984325
   ],
   [
    55.843291,
    23.984281
   ],
   [
    55.843224,
    23.984224
   ],
   [
    55.843148,
    23.984113
   ],
   [
    55.843114,
    23.983986
   ],
   [
    55.843125,
    23.983855
   ],
   [
    55.84318,
    23.983734
   ],
   [
    55.843277,
    23.983632
   ],
   [
    55.843323,
    23.98351
   ],
   [
    55.843365,
    23.983371
   ],
   [
    55.843382,
    23.983227
   ],
   [
    55.843375,
    23.983083
   ],
   [
    55.843199,
    23.981977
   ],
   [
    55.843081,
    23.981361
   ],
   [
    55.842915,
    23.98064
   ],
   [
    55.842688,
    23.979813
   ],
   [
    55.842277,
    23.978461
   ],
   [
    55.842041,
    23.977813
   ],
   [
    55.841804,
    23.977216
   ],
   [
    55.841536,
    23.976615
   ],
   [
    55.840975,
    23.975409
   ],
   [
    55.840783,
    23.975028
   ],
   [
    55.840606,
    23.974673
   ],
   [
    55.840389,
    23.974297
   ],
   [
    55.840061,
    23.973734
   ],
   [
    55.839718,
    23.973168
   ],
   [
    55.838878,
    23.971869
   ],
   [
    55.837817,
    23.970232
   ],
   [
    55.836128,
    23.967653
   ],
   [
    55.8342,
    23.964706
   ],
   [
    55.833705,
    23.963973
   ],
   [
    55.829099,
    23.957039
   ],
   [
    55.828843,
    23.956685
   ],
   [
    55.828607,
    23.956367
   ],
   [
    55.828171,
    23.955824
   ],
   [
    55.827882,
    23.955486
   ],
   [
    55.827586,
    23.955154
   ],
   [
    55.827283,
    23.954826
   ],
   [
    55.827109,
    23.954646
   ],
   [
    55.826869,
    23.954404
   ],
   [
    55.826624,
    23.954167
   ],
   [
    55.826373,
    23.953934
   ],
   [
    55.826239,
    23.953811
   ],
   [
    55.82611,
    23.953684
   ],
   [
    55.825986,
    23.953552
   ],
   [
    55.825868,
    23.953416
   ],
   [
    55.825755,
    23.953276
   ],
   [
    55.825648,
    23.953133
   ],
   [
    55.825532,
    23.952962
   ],
   [
    55.82541,
    23.952767
   ],
   [
    55.825297,
    23.952567
   ],
   [
    55.825193,
    23.952363
   ],
   [
    55.825144,
    23.95226
   ],
   [
    55.825098,
    23.952156
   ],
   [
    55.825035,
    23.952001
   ],
   [
    55.824978,
    23.951845
   ],
   [
    55.824926,
    23.951688
   ],
   [
    55.824843,
    23.951456
   ],
   [
    55.824756,
    23.951224
   ],
   [
    55.824645,
    23.950943
   ],
   [
    55.82453,
    23.950663
   ],
   [
    55.824367,
    23.950295
   ],
   [
    55.824171,
    23.949888
   ],
   [
    55.824169,
    23.949884
   ],
   [
    55.824003,
    23.949556
   ],
   [
    55.823853,
    23.949269
   ],
   [
    55.823627,
    23.948848
   ],
   [
    55.823454,
    23.948532
   ],
   [
    55.823237,
    23.94818
   ],
   [
    55.822901,
    23.947626
   ],
   [
    55.822714,
    23.947312
   ],
   [
    55.822561,
    23.947017
   ],
   [
    55.822409,
    23.946712
   ],
   [
    55.822275,
    23.946432
   ],
   [
    55.822115,
    23.946053
   ],
   [
    55.822042,
    23.945879
   ],
   [
    55.821943,
    23.945608
   ],
   [
    55.821831,
    23.945259
   ],
   [
    55.821715,
    23.944801
   ],
   [
    55.821629,
    23.944369
   ],
   [
    55.821563,
    23.943914
   ],
   [
    55.82153,
    23.943571
   ],
   [
    55.821493,
    23.943076
   ],
   [
    55.821497,
    23.942668
   ],
   [
    55.821516,
    23.942341
   ],
   [
    55.821549,
    23.94202
   ],
   [
    55.821601,
    23.941674
   ],
   [
    55.821671,
    23.941287
   ],
   [
    55.821798,
    23.940755
   ],
   [
    55.821992,
    23.940089
   ],
   [
    55.822211,
    23.939364
   ],
   [
    55.82228,
    23.939137
   ],
   [
    55.822588,
    23.938129
   ],
   [
    55.822786,
    23.937522
   ],
   [
    55.822909,
    23.937204
   ],
   [
    55.823036,
    23.936913
   ],
   [
    55.823235,
    23.936525
   ],
   [
    55.823437,
    23.936162
   ],
   [
    55.823683,
    23.935773
   ],
   [
    55.823797,
    23.935615
   ],
   [
    55.823926,
    23.935436
   ],
   [
    55.824174,
    23.93513
   ],
   [
    55.82439,
    23.934886
   ],
   [
    55.824928,
    23.934277
   ],
   [
    55.825439,
    23.933691
   ],
   [
    55.825677,
    23.9334
   ],
   [
    55.825895,
    23.933117
   ],
   [
    55.826119,
    23.932811
   ],
   [
    55.826321,
    23.932507
   ],
   [
    55.826817,
    23.931617
   ],
   [
    55.827295,
    23.930723
   ],
   [
    55.827519,
    23.930265
   ],
   [
    55.82776,
    23.929821
   ],
   [
    55.828014,
    23.929382
   ],
   [
    55.828288,
    23.928944
   ],
   [
    55.831789,
    23.923634
   ],
   [
    55.842044,
    23.908083
   ],
   [
    55.847186,
    23.900322
   ],
   [
    55.847764,
    23.899449
   ],
   [
    55.855831,
    23.887246
   ],
   [
    55.857129,
    23.885022
   ],
   [
    55.858247,
    23.882682
   ],
   [
    55.860438,
    23.877991
   ],
   [
    55.860855,
    23.877095
   ],
   [
    55.865125,
    23.867918
   ],
   [
    55.870056,
    23.857344
   ],
   [
    55.871137,
    23.854803
   ],
   [
    55.872423,
    23.850197
   ],
   [
    55.87297,
    23.848014
   ],
   [
    55.873369,
    23.845813
   ],
   [
    55.873557,
    23.843656
   ],
   [
    55.873563,
    23.838426
   ],
   [
    55.874074,
    23.831159
   ],
   [
    55.874185,
    23.829084
   ],
   [
    55.874172,
    23.827679
   ],
   [
    55.874162,
    23.826704
   ],
   [
    55.87405,
    23.814746
   ],
   [
    55.873903,
    23.798028
   ],
   [
    55.873855,
    23.793744
   ],
   [
    55.873895,
    23.79104
   ],
   [
    55.874024,
    23.78691
   ],
   [
    55.874055,
    23.784132
   ],
   [
    55.874092,
    23.783737
   ],
   [
    55.874196,
    23.782851
   ],
   [
    55.874534,
    23.780922
   ],
   [
    55.874993,
    23.779138
   ],
   [
    55.875516,
    23.777376
   ],
   [
    55.876411,
    23.775211
   ],
   [
    55.878031,
    23.771977
   ],
   [
    55.880396,
    23.767258
   ],
   [
    55.884395,
    23.759307
   ],
   [
    55.892044,
    23.742111
   ],
   [
    55.892906,
    23.740536
   ],
   [
    55.893468,
    23.739585
   ],
   [
    55.899813,
    23.728925
   ],
   [
    55.904232,
    23.721502
   ],
   [
    55.905148,
    23.719897
   ],
   [
    55.906001,
    23.718267
   ],
   [
    55.906559,
    23.716948
   ],
   [
    55.907037,
    23.715612
   ],
   [
    55.907962,
    23.712914
   ],
   [
    55.909805,
    23.707525
   ],
   [
    55.913504,
    23.696735
   ],
   [
    55.916118,
    23.689172
   ],
   [
    55.918332,
    23.685194
   ],
   [
    55.918417,
    23.685065
   ],
   [
    55.919152,
    23.683948
   ],
   [
    55.92375,
    23.676964
   ],
   [
    55.923899,
    23.676737
   ],
   [
    55.93602,
    23.658321
   ],
   [
    55.93778,
    23.654956
   ],
   [
    55.946888,
    23.637224
   ],
   [
    55.947334,
    23.636363
   ],
   [
    55.952974,
    23.625418
   ],
   [
    55.953553,
    23.624294
   ],
   [
    55.954163,
    23.623106
   ],
   [
    55.954574,
    23.62229
   ],
   [
    55.955212,
    23.620956
   ],
   [
    55.955497,
    23.620232
   ],
   [
    55.955723,
    23.619349
   ],
   [
    55.955878,
    23.618475
   ],
   [
    55.95693,
    23.60882
   ],
   [
    55.957057,
    23.607956
   ],
   [
    55.95723,
    23.607193
   ],
   [
    55.957306,
    23.606895
   ],
   [
    55.957581,
    23.606054
   ],
   [
    55.957967,
    23.605101
   ],
   [
    55.95899,
    23.603331
   ],
   [
    55.960243,
    23.601821
   ],
   [
    55.960674,
    23.60139
   ],
   [
    55.961648,
    23.600537
   ],
   [
    55.962916,
    23.599619
   ],
   [
    55.963981,
    23.599053
   ],
   [
    55.964817,
    23.59867
   ],
   [
    55.966157,
    23.598162
   ],
   [
    55.966648,
    23.598015
   ],
   [
    55.968446,
    23.597529
   ],
   [
    55.968609,
    23.597472
   ],
   [
    55.968738,
    23.597397
   ],
   [
    55.968895,
    23.597261
   ],
   [
    55.968925,
    23.597203
   ],
   [
    55.968967,
    23.597152
   ],
   [
    55.96907,
    23.597076
   ],
   [
    55.969195,
    23.597037
   ],
   [
    55.969327,
    23.597039
   ],
   [
    55.969451,
    23.597081
   ],
   [
    55.969485,
    23.597102
   ],
   [
    55.969668,
    23.597138
   ],
   [
    55.969853,
    23.597135
   ],
   [
    55.970047,
    23.597107
   ],
   [
    55.973408,
    23.596192
   ],
   [
    55.986855,
    23.592566
   ],
   [
    55.99011,
    23.591749
   ],
   [
    56.003091,
    23.589337
   ],
   [
    56.013338,
    23.587386
   ],
   [
    56.015262,
    23.587025
   ],
   [
    56.015529,
    23.586971
   ],
   [
    56.019209,
    23.58632
   ],
   [
    56.021942,
    23.585837
   ],
   [
    56.024316,
    23.585484
   ],
   [
    56.025776,
    23.585381
   ],
   [
    56.027939,
    23.585194
   ],
   [
    56.032531,
    23.58489
   ],
   [
    56.042224,
    23.584157
   ],
   [
    56.04304,
    23.584075
   ],
   [
    56.045127,
    23.583923
   ],
   [
    56.049462,
    23.583609
   ],
   [
    56.050784,
    23.583465
   ],
   [
    56.0519,
    23.583298
   ],
   [
    56.052797,
    23.583139
   ],
   [
    56.053983,
    23.582862
   ],
   [
    56.055066,
    23.582594
   ],
   [
    56.055995,
    23.582321
   ],
   [
    56.057016,
    23.581976
   ],
   [
    56.058123,
    23.581575
   ],
   [
    56.059086,
    23.581192
   ],
   [
    56.059768,
    23.580886
   ],
   [
    56.063578,
    23.578973
   ],
   [
    56.065111,
    23.578238
   ],
   [
    56.065716,
    23.577984
   ],
   [
    56.066343,
    23.577719
   ],
   [
    56.067776,
    23.577189
   ],
   [
    56.069154,
    23.576763
   ],
   [
    56.079325,
    23.574452
   ],
   [
    56.080732,
    23.574132
   ],
   [
    56.09152,
    23.571681
   ],
   [
    56.097447,
    23.570312
   ],
   [
    56.105531,
    23.56806
   ],
   [
    56.113457,
    23.565785
   ],
   [
    56.115529,
    23.565013
   ],
   [
    56.127144,
    23.559571
   ],
   [
    56.134046,
    23.556269
   ],
   [
    56.135408,
    23.555614
   ],
   [
    56.137149,
    23.554758
   ],
   [
    56.137899,
    23.55436
   ],
   [
    56.138731,
    23.553896
   ],
   [
    56.13957,
    23.553383
   ],
   [
    56.140356,
    23.552883
   ],
   [
    56.141432,
    23.552123
   ],
   [
    56.142363,
    23.551381
   ],
   [
    56.142857,
    23.550983
   ],
   [
    56.143482,
    23.550419
   ],
   [
    56.14473,
    23.549251
   ],
   [
    56.146781,
    23.547246
   ],
   [
    56.14891,
    23.54518
   ],
   [
    56.154247,
    23.53989
   ],
   [
    56.155015,
    23.539141
   ],
   [
    56.156461,
    23.537733
   ],
   [
    56.15685,
    23.537343
   ],
   [
    56.157087,
    23.537123
   ],
   [
    56.1572,
    23.537006
   ],
   [
    56.157507,
    23.536712
   ],
   [
    56.164938,
    23.52944
   ],
   [
    56.169546,
    23.52493
   ],
   [
    56.173972,
    23.520504
   ],
   [
    56.174811,
    23.519607
   ],
   [
    56.175666,
    23.51869
   ],
   [
    56.178621,
    23.515518
   ],
   [
    56.180144,
    23.513884
   ],
   [
    56.181472,
    23.512441
   ],
   [
    56.182021,
    23.511848
   ],
   [
    56.182571,
    23.511199
   ],
   [
    56.183034,
    23.510511
   ],
   [
    56.183419,
    23.509844
   ],
   [
    56.183638,
    23.509387
   ],
   [
    56.183837,
    23.508917
   ],
   [
    56.183991,
    23.508469
   ],
   [
    56.184153,
    23.507856
   ],
   [
    56.184262,
    23.507313
   ],
   [
    56.18542,
    23.499608
   ],
   [
    56.185576,
    23.498962
   ],
   [
    56.185815,
    23.498243
   ],
   [
    56.186127,
    23.497543
   ],
   [
    56.186586,
    23.496708
   ],
   [
    56.187393,
    23.495592
   ],
   [
    56.189294,
    23.493775
   ],
   [
    56.189365,
    23.493648
   ],
   [
    56.189398,
    23.493552
   ],
   [
    56.189432,
    23.493401
   ],
   [
    56.189436,
    23.493339
   ],
   [
    56.189474,
    23.49323
   ],
   [
    56.189548,
    23.493138
   ],
   [
    56.189651,
    23.493072
   ],
   [
    56.18977,
    23.49304
   ],
   [
    56.189807,
    23.493037
   ],
   [
    56.189948,
    23.493009
   ],
   [
    56.190071,
    23.492967
   ],
   [
    56.190195,
    23.492905
   ],
   [
    56.190319,
    23.492826
   ],
   [
    56.19041,
    23.492749
   ],
   [
    56.197837,
    23.485795
   ],
   [
    56.201728,
    23.482198
   ],
   [
    56.203589,
    23.480417
   ],
   [
    56.205028,
    23.478818
   ],
   [
    56.206379,
    23.47687
   ],
   [
    56.207122,
    23.47544
   ],
   [
    56.207786,
    23.473838
   ],
   [
    56.208304,
    23.472093
   ],
   [
    56.208564,
    23.470661
   ],
   [
    56.209246,
    23.466366
   ],
   [
    56.209679,
    23.463525
   ],
   [
    56.209841,
    23.462418
   ],
   [
    56.210125,
    23.460722
   ],
   [
    56.210545,
    23.458014
   ],
   [
    56.210598,
    23.457631
   ],
   [
    56.2107,
    23.456954
   ],
   [
    56.210966,
    23.455172
   ],
   [
    56.211163,
    23.454039
   ],
   [
    56.211504,
    23.452851
   ],
   [
    56.213312,
    23.448411
   ],
   [
    56.214155,
    23.446349
   ],
   [
    56.21496,
    23.444483
   ],
   [
    56.21546,
    23.443284
   ],
   [
    56.21596,
    23.442179
   ],
   [
    56.216606,
    23.440989
   ],
   [
    56.217131,
    23.440063
   ],
   [
    56.217647,
    23.439261
   ],
   [
    56.218666,
    23.437871
   ],
   [
    56.219262,
    23.437112
   ],
   [
    56.219838,
    23.436414
   ],
   [
    56.221651,
    23.43446
   ],
   [
    56.224738,
    23.43111
   ],
   [
    56.225995,
    23.429754
   ],
   [
    56.231662,
    23.423592
   ],
   [
    56.233252,
    23.421863
   ],
   [
    56.234397,
    23.420619
   ],
   [
    56.235417,
    23.419514
   ],
   [
    56.24073,
    23.413752
   ],
   [
    56.243944,
    23.41027
   ],
   [
    56.245147,
    23.409118
   ],
   [
    56.2461,
    23.408303
   ],
   [
    56.247363,
    23.407319
   ],
   [
    56.248503,
    23.406533
   ],
   [
    56.249976,
    23.405623
   ],
   [
    56.250944,
    23.405083
   ],
   [
    56.251863,
    23.404598
   ],
   [
    56.252589,
    23.404278
   ],
   [
    56.253586,
    23.403846
   ],
   [
    56.255475,
    23.403099
   ],
   [
    56.260273,
    23.401208
   ],
   [
    56.261584,
    23.400686
   ],
   [
    56.262693,
    23.400294
   ],
   [
    56.263396,
    23.400049
   ],
   [
    56.264435,
    23.399786
   ],
   [
    56.266548,
    23.399277
   ],
   [
    56.268042,
    23.39892
   ],
   [
    56.26964,
    23.398535
   ],
   [
    56.272061,
    23.397951
   ],
   [
    56.273241,
    23.397579
   ],
   [
    56.274164,
    23.397277
   ],
   [
    56.275116,
    23.396874
   ],
   [
    56.276125,
    23.396403
   ],
   [
    56.277019,
    23.39592
   ],
   [
    56.277678,
    23.395522
   ],
   [
    56.278244,
    23.395129
   ],
   [
    56.279142,
    23.394497
   ],
   [
    56.279776,
    23.393992
   ],
   [
    56.280564,
    23.393304
   ],
   [
    56.281102,
    23.392798
   ],
   [
    56.281537,
    23.392349
   ],
   [
    56.282493,
    23.391277
   ],
   [
    56.283222,
    23.390439
   ],
   [
    56.286871,
    23.386302
   ],
   [
    56.289599,
    23.383263
   ],
   [
    56.29002,
    23.382793
   ],
   [
    56.293467,
    23.378957
   ],
   [
    56.295076,
    23.377079
   ],
   [
    56.295675,
    23.376286
   ],
   [
    56.296211,
    23.375521
   ],
   [
    56.2966,
    23.37496
   ],
   [
    56.296992,
    23.374294
   ],
   [
    56.298934,
    23.370791
   ],
   [
    56.299635,
    23.369526
   ],
   [
    56.309985,
    23.35085
   ],
   [
    56.311401,
    23.348273
   ],
   [
    56.311837,
    23.347478
   ],
   [
    56.316632,
    23.338741
   ],
   [
    56.318841,
    23.334729
   ],
   [
    56.319982,
    23.332657
   ],
   [
    56.320613,
    23.331482
   ],
   [
    56.320867,
    23.331024
   ],
   [
    56.321673,
    23.329567
   ],
   [
    56.321838,
    23.329272
   ],
   [
    56.322105,
    23.328793
   ],
   [
    56.322544,
    23.328097
   ],
   [
    56.323005,
    23.327441
   ],
   [
    56.323609,
    23.326653
   ],
   [
    56.324241,
    23.325928
   ],
   [
    56.325185,
    23.324968
   ],
   [
    56.325967,
    23.324245
   ],
   [
    56.326355,
    23.32393
   ],
   [
    56.326993,
    23.323425
   ],
   [
    56.327744,
    23.322893
   ],
   [
    56.33227,
    23.320095
   ],
   [
    56.338549,
    23.316218
   ],
   [
    56.341422,
    23.314462
   ],
   [
    56.342479,
    23.31377
   ],
   [
    56.34366,
    23.312954
   ],
   [
    56.348412,
    23.309634
   ],
   [
    56.349402,
    23.308999
   ],
   [
    56.350634,
    23.308312
   ],
   [
    56.351762,
    23.307755
   ],
   [
    56.354964,
    23.306484
   ],
   [
    56.355826,
    23.306078
   ],
   [
    56.356565,
    23.305676
   ],
   [
    56.357201,
    23.305275
   ],
   [
    56.357789,
    23.304829
   ],
   [
    56.358579,
    23.304146
   ],
   [
    56.359124,
    23.303594
   ],
   [
    56.359608,
    23.303037
   ],
   [
    56.360772,
    23.301584
   ],
   [
    56.362312,
    23.299624
   ],
   [
    56.363026,
    23.298758
   ],
   [
    56.363584,
    23.298125
   ],
   [
    56.364202,
    23.297485
   ],
   [
    56.365057,
    23.296669
   ],
   [
    56.366091,
    23.29573
   ],
   [
    56.3744,
    23.288449
   ],
   [
    56.383634,
    23.280451
   ],
   [
    56.383697,
    23.280362
   ],
   [
    56.383815,
    23.280142
   ],
   [
    56.383863,
    23.27999
   ],
   [
    56.383868,
    23.279892
   ],
   [
    56.383903,
    23.27979
   ],
   [
    56.383967,
    23.2797
   ],
   [
    56.384054,
    23.279629
   ],
   [
    56.384158,
    23.279581
   ],
   [
    56.384251,
    23.279564
   ],
   [
    56.384346,
    23.279564
   ],
   [
    56.384601,
    23.279475
   ],
   [
    56.38481,
    23.279368
   ],
   [
    56.384988,
    23.279233
   ],
   [
    56.385963,
    23.278339
   ],
   [
    56.38684,
    23.277441
   ],
   [
    56.38783,
    23.276284
   ],
   [
    56.388684,
    23.275158
   ],
   [
    56.389584,
    23.273898
   ],
   [
    56.391942,
    23.270571
   ],
   [
    56.392696,
    23.269518
   ],
   [
    56.393883,
    23.268125
   ],
   [
    56.394664,
    23.267255
   ],
   [
    56.395439,
    23.266512
   ],
   [
    56.396406,
    23.265603
   ],
   [
    56.398793,
    23.263542
   ],
   [
    56.400799,
    23.261875
   ],
   [
    56.402692,
    23.260218
   ],
   [
    56.403902,
    23.259146
   ],
   [
    56.404489,
    23.25859
   ],
   [
    56.40553,
    23.257559
   ],
   [
    56.407076,
    23.255889
   ],
   [
    56.410249,
    23.252041
   ],
   [
    56.411832,
    23.250149
   ],
   [
    56.413328,
    23.248302
   ],
   [
    56.4164,
    23.244535
   ],
   [
    56.417907,
    23.242692
   ],
   [
    56.419949,
    23.240196
   ],
   [
    56.420807,
    23.239232
   ],
   [
    56.421214,
    23.238836
   ],
   [
    56.42165,
    23.238406
   ],
   [
    56.422447,
    23.237648
   ],
   [
    56.423091,
    23.23705
   ],
   [
    56.423806,
    23.236476
   ],
   [
    56.425316,
    23.235329
   ],
   [
    56.426008,
    23.234872
   ],
   [
    56.426644,
    23.234476
   ],
   [
    56.427236,
    23.234113
   ],
   [
    56.428145,
    23.233563
   ],
   [
    56.429058,
    23.233048
   ],
   [
    56.429288,
    23.232923
   ],
   [
    56.433315,
    23.230546
   ],
   [
    56.433487,
    23.23042
   ],
   [
    56.433691,
    23.230231
   ],
   [
    56.433699,
    23.230175
   ],
   [
    56.433717,
    23.230121
   ],
   [
    56.433754,
    23.23006
   ],
   [
    56.433805,
    23.230007
   ],
   [
    56.433868,
    23.229966
   ],
   [
    56.433939,
    23.229939
   ],
   [
    56.434014,
    23.229928
   ],
   [
    56.434049,
    23.229927
   ],
   [
    56.434083,
    23.22993
   ],
   [
    56.434206,
    23.229913
   ],
   [
    56.4343,
    23.229889
   ],
   [
    56.43458,
    23.229833
   ],
   [
    56.439735,
    23.226801
   ],
   [
    56.442168,
    23.225382
   ],
   [
    56.446381,
    23.22292
   ],
   [
    56.449675,
    23.221008
   ],
   [
    56.451204,
    23.220166
   ],
   [
    56.452222,
    23.219717
   ],
   [
    56.452871,
    23.219462
   ],
   [
    56.453379,
    23.219277
   ],
   [
    56.45419,
    23.218992
   ],
   [
    56.4554,
    23.218676
   ],
   [
    56.456238,
    23.218506
   ],
   [
    56.456854,
    23.218393
   ],
   [
    56.4578,
    23.218272
   ],
   [
    56.460595,
    23.218042
   ],
   [
    56.463535,
    23.217819
   ],
   [
    56.463845,
    23.217753
   ],
   [
    56.4641,
    23.217673
   ],
   [
    56.464129,
    23.217629
   ],
   [
    56.464166,
    23.217589
   ],
   [
    56.464209,
    23.217556
   ],
   [
    56.464258,
    23.217529
   ],
   [
    56.464326,
    23.217505
   ],
   [
    56.464397,
    23.217495
   ],
   [
    56.46447,
    23.217499
   ],
   [
    56.46454,
    23.217516
   ],
   [
    56.464581,
    23.217533
   ],
   [
    56.464619,
    23.217554
   ],
   [
    56.464654,
    23.21758
   ],
   [
    56.464889,
    23.217646
   ],
   [
    56.465042,
    23.217668
   ],
   [
    56.465284,
    23.217666
   ],
   [
    56.465837,
    23.217653
   ],
   [
    56.465966,
    23.217645
   ],
   [
    56.467698,
    23.217497
   ],
   [
    56.469134,
    23.21739
   ],
   [
    56.477908,
    23.216732
   ],
   [
    56.480866,
    23.21651
   ],
   [
    56.4817,
    23.216446
   ],
   [
    56.485431,
    23.216173
   ],
   [
    56.486337,
    23.21611
   ],
   [
    56.487429,
    23.216087
   ],
   [
    56.489396,
    23.216128
   ],
   [
    56.489875,
    23.216165
   ],
   [
    56.490137,
    23.216168
   ],
   [
    56.490368,
    23.216154
   ],
   [
    56.490509,
    23.216101
   ],
   [
    56.49054,
    23.216074
   ],
   [
    56.490575,
    23.216052
   ],
   [
    56.490614,
    23.216036
   ],
   [
    56.490656,
    23.216026
   ],
   [
    56.490704,
    23.216022
   ],
   [
    56.490753,
    23.216027
   ],
   [
    56.490799,
    23.21604
   ],
   [
    56.490842,
    23.216061
   ],
   [
    56.49088,
    23.216088
   ],
   [
    56.490912,
    23.216122
   ],
   [
    56.490936,
    23.216161
   ],
   [
    56.490944,
    23.216179
   ],
   [
    56.49095,
    23.216198
   ],
   [
    56.491033,
    23.21629
   ],
   [
    56.491137,
    23.216374
   ],
   [
    56.491497,
    23.216545
   ],
   [
    56.491624,
    23.216592
   ],
   [
    56.491863,
    23.216603
   ],
   [
    56.491962,
    23.216559
   ],
   [
    56.492039,
    23.216491
   ],
   [
    56.49213,
    23.21643
   ],
   [
    56.492286,
    23.216307
   ],
   [
    56.492303,
    23.216294
   ],
   [
    56.492323,
    23.216288
   ],
   [
    56.492345,
    23.21629
   ],
   [
    56.492516,
    23.216324
   ],
   [
    56.492579,
    23.216336
   ],
   [
    56.492598,
    23.216342
   ],
   [
    56.492612,
    23.216354
   ],
   [
    56.492619,
    23.216371
   ],
   [
    56.492618,
    23.216389
   ],
   [
    56.492604,
    23.216559
   ],
   [
    56.492798,
    23.216618
   ],
   [
    56.493159,
    23.216711
   ],
   [
    56.493654,
    23.216814
   ],
   [
    56.494011,
    23.216886
   ],
   [
    56.494165,
    23.216916
   ],
   [
    56.494518,
    23.216981
   ],
   [
    56.494864,
    23.217059
   ],
   [
    56.495023,
    23.217272
   ],
   [
    56.495076,
    23.217331
   ],
   [
    56.495141,
    23.21737
   ],
   [
    56.495221,
    23.217415
   ],
   [
    56.495361,
    23.217493
   ],
   [
    56.496184,
    23.217683
   ],
   [
    56.497424,
    23.217927
   ],
   [
    56.498245,
    23.218089
   ],
   [
    56.498944,
    23.218168
   ],
   [
    56.499687,
    23.218226
   ],
   [
    56.500554,
    23.218204
   ],
   [
    56.501403,
    23.218127
   ],
   [
    56.501684,
    23.218086
   ],
   [
    56.503084,
    23.217883
   ],
   [
    56.506461,
    23.217376
   ],
   [
    56.506663,
    23.217348
   ],
   [
    56.510034,
    23.216892
   ],
   [
    56.511371,
    23.216696
   ],
   [
    56.513239,
    23.216457
   ],
   [
    56.514589,
    23.21622
   ],
   [
    56.514863,
    23.216171
   ],
   [
    56.514953,
    23.216137
   ],
   [
    56.515072,
    23.216061
   ],
   [
    56.515087,
    23.216036
   ],
   [
    56.515105,
    23.216012
   ],
   [
    56.515126,
    23.215991
   ],
   [
    56.515171,
    23.215961
   ],
   [
    56.515223,
    23.215941
   ],
   [
    56.515279,
    23.215932
   ],
   [
    56.515335,
    23.215936
   ],
   [
    56.515385,
    23.21595
   ],
   [
    56.515516,
    23.215922
   ],
   [
    56.515627,
    23.215886
   ],
   [
    56.515746,
    23.215841
   ],
   [
    56.518169,
    23.214523
   ],
   [
    56.520355,
    23.213413
   ],
   [
    56.520644,
    23.213237
   ],
   [
    56.520998,
    23.212997
   ],
   [
    56.521569,
    23.212587
   ],
   [
    56.521865,
    23.212334
   ],
   [
    56.52232,
    23.211891
   ],
   [
    56.522851,
    23.211339
   ],
   [
    56.523392,
    23.210677
   ],
   [
    56.523998,
    23.209947
   ],
   [
    56.524175,
    23.209731
   ],
   [
    56.524243,
    23.20964
   ],
   [
    56.524409,
    23.20946
   ],
   [
    56.524915,
    23.20886
   ],
   [
    56.525053,
    23.208732
   ],
   [
    56.525223,
    23.208598
   ],
   [
    56.525371,
    23.208506
   ],
   [
    56.525514,
    23.208419
   ],
   [
    56.525648,
    23.208357
   ],
   [
    56.525796,
    23.208299
   ],
   [
    56.52596,
    23.208238
   ],
   [
    56.526156,
    23.208177
   ],
   [
    56.526285,
    23.208147
   ],
   [
    56.526438,
    23.208121
   ],
   [
    56.526644,
    23.208099
   ],
   [
    56.526834,
    23.208099
   ],
   [
    56.527016,
    23.208115
   ],
   [
    56.527205,
    23.20812
   ],
   [
    56.527762,
    23.208216
   ],
   [
    56.528189,
    23.208292
   ],
   [
    56.528409,
    23.208327
   ],
   [
    56.528702,
    23.208361
   ],
   [
    56.529023,
    23.20837
   ],
   [
    56.529623,
    23.208352
   ],
   [
    56.5307,
    23.208286
   ],
   [
    56.532011,
    23.208235
   ],
   [
    56.532665,
    23.208233
   ],
   [
    56.533501,
    23.208206
   ],
   [
    56.535031,
    23.208218
   ],
   [
    56.535305,
    23.208214
   ],
   [
    56.535478,
    23.2082
   ],
   [
    56.535673,
    23.208161
   ],
   [
    56.535859,
    23.208098
   ],
   [
    56.536055,
    23.207999
   ],
   [
    56.536098,
    23.207958
   ],
   [
    56.536182,
    23.207904
   ],
   [
    56.536278,
    23.20787
   ],
   [
    56.53638,
    23.207857
   ],
   [
    56.536482,
    23.207866
   ],
   [
    56.536579,
    23.207898
   ],
   [
    56.536665,
    23.20795
   ],
   [
    56.536709,
    23.207989
   ],
   [
    56.536846,
    23.208063
   ],
   [
    56.536999,
    23.208127
   ],
   [
    56.537165,
    23.208182
   ],
   [
    56.537409,
    23.208204
   ],
   [
    56.537679,
    23.208199
   ],
   [
    56.539642,
    23.208195
   ],
   [
    56.540137,
    23.208192
   ],
   [
    56.540434,
    23.208189
   ],
   [
    56.542913,
    23.208184
   ],
   [
    56.544127,
    23.20821
   ],
   [
    56.54528,
    23.208189
   ],
   [
    56.546202,
    23.20821
   ],
   [
    56.546997,
    23.208275
   ],
   [
    56.547855,
    23.208421
   ],
   [
    56.548574,
    23.208582
   ],
   [
    56.54945,
    23.208815
   ],
   [
    56.55026,
    23.209143
   ],
   [
    56.55093,
    23.209449
   ],
   [
    56.551511,
    23.209747
   ],
   [
    56.552169,
    23.210152
   ],
   [
    56.552598,
    23.21044
   ],
   [
    56.55298,
    23.210718
   ],
   [
    56.553459,
    23.21106
   ],
   [
    56.561984,
    23.21713
   ],
   [
    56.562144,
    23.217244
   ],
   [
    56.562644,
    23.2176
   ],
   [
    56.567981,
    23.221401
   ],
   [
    56.568169,
    23.221535
   ],
   [
    56.568459,
    23.221738
   ],
   [
    56.569561,
    23.222511
   ],
   [
    56.57094,
    23.223373
   ],
   [
    56.571938,
    23.223896
   ],
   [
    56.572762,
    23.224271
   ],
   [
    56.573629,
    23.224635
   ],
   [
    56.574746,
    23.225055
   ],
   [
    56.576347,
    23.225517
   ],
   [
    56.57803,
    23.225836
   ],
   [
    56.579473,
    23.226062
   ],
   [
    56.580666,
    23.226142
   ],
   [
    56.581155,
    23.226165
   ],
   [
    56.58152,
    23.226175
   ],
   [
    56.582742,
    23.226154
   ],
   [
    56.583755,
    23.226079
   ],
   [
    56.58504,
    23.225934
   ],
   [
    56.585966,
    23.225777
   ],
   [
    56.586816,
    23.2256
   ],
   [
    56.587696,
    23.225378
   ],
   [
    56.588553,
    23.225111
   ],
   [
    56.589093,
    23.224941
   ],
   [
    56.592048,
    23.223866
   ],
   [
    56.593555,
    23.223337
   ],
   [
    56.59528,
    23.222662
   ],
   [
    56.595905,
    23.222435
   ],
   [
    56.598936,
    23.221334
   ],
   [
    56.599893,
    23.220978
   ],
   [
    56.60051,
    23.220748
   ],
   [
    56.600766,
    23.220652
   ],
   [
    56.602767,
    23.219913
   ],
   [
    56.606832,
    23.218408
   ],
   [
    56.60719,
    23.218276
   ],
   [
    56.61029,
    23.217137
   ],
   [
    56.613402,
    23.215984
   ],
   [
    56.614748,
    23.215495
   ],
   [
    56.615424,
    23.215254
   ],
   [
    56.616583,
    23.214928
   ],
   [
    56.618031,
    23.214549
   ],
   [
    56.619228,
    23.214322
   ],
   [
    56.620719,
    23.214081
   ],
   [
    56.621743,
    23.213977
   ],
   [
    56.623347,
    23.213864
   ],
   [
    56.625391,
    23.213849
   ],
   [
    56.626679,
    23.213841
   ],
   [
    56.627532,
    23.213836
   ],
   [
    56.627889,
    23.213834
   ],
   [
    56.632097,
    23.213809
   ],
   [
    56.633293,
    23.213803
   ],
   [
    56.634283,
    23.213798
   ],
   [
    56.636914,
    23.213785
   ],
   [
    56.638073,
    23.213735
   ],
   [
    56.639151,
    23.213657
   ],
   [
    56.640202,
    23.213553
   ],
   [
    56.640732,
    23.213466
   ],
   [
    56.64186,
    23.213282
   ],
   [
    56.643389,
    23.212956
   ],
   [
    56.644827,
    23.212572
   ],
   [
    56.645733,
    23.212281
   ],
   [
    56.64709,
    23.211808
   ],
   [
    56.648786,
    23.211093
   ],
   [
    56.649848,
    23.210565
   ],
   [
    56.65099,
    23.209964
   ],
   [
    56.653056,
    23.208805
   ],
   [
    56.654481,
    23.208012
   ],
   [
    56.658994,
    23.205502
   ],
   [
    56.659175,
    23.205395
   ],
   [
    56.661334,
    23.204197
   ],
   [
    56.663414,
    23.203042
   ],
   [
    56.664879,
    23.202213
   ],
   [
    56.665122,
    23.202077
   ],
   [
    56.666746,
    23.20117
   ],
   [
    56.668816,
    23.200014
   ],
   [
    56.670957,
    23.198821
   ],
   [
    56.67408,
    23.197092
   ],
   [
    56.674572,
    23.196819
   ],
   [
    56.675243,
    23.196439
   ],
   [
    56.675908,
    23.19606
   ],
   [
    56.677362,
    23.195286
   ],
   [
    56.678354,
    23.194812
   ],
   [
    56.679888,
    23.194181
   ],
   [
    56.680284,
    23.194042
   ],
   [
    56.680929,
    23.193806
   ],
   [
    56.682013,
    23.193466
   ],
   [
    56.68388,
    23.192894
   ],
   [
    56.687216,
    23.191854
   ],
   [
    56.691127,
    23.190651
   ],
   [
    56.694468,
    23.189618
   ],
   [
    56.695944,
    23.189161
   ],
   [
    56.699109,
    23.188205
   ],
   [
    56.702998,
    23.187007
   ],
   [
    56.704629,
    23.186509
   ],
   [
    56.707043,
    23.185759
   ],
   [
    56.709535,
    23.184977
   ],
   [
    56.710015,
    23.184827
   ],
   [
    56.711855,
    23.18426
   ],
   [
    56.713437,
    23.183777
   ],
   [
    56.714451,
    23.183392
   ],
   [
    56.715626,
    23.182924
   ],
   [
    56.716919,
    23.182327
   ],
   [
    56.718008,
    23.181765
   ],
   [
    56.719467,
    23.180912
   ],
   [
    56.720433,
    23.180275
   ],
   [
    56.721066,
    23.179812
   ],
   [
    56.72201,
    23.179126
   ],
   [
    56.722339,
    23.178875
   ],
   [
    56.723367,
    23.178079
   ],
   [
    56.72407,
    23.177548
   ],
   [
    56.726242,
    23.175901
   ],
   [
    56.730968,
    23.172286
   ],
   [
    56.734815,
    23.169332
   ],
   [
    56.735845,
    23.168548
   ],
   [
    56.736403,
    23.168139
   ],
   [
    56.737062,
    23.167705
   ],
   [
    56.737765,
    23.167246
   ],
   [
    56.738725,
    23.166684
   ],
   [
    56.740517,
    23.165767
   ],
   [
    56.743049,
    23.164484
   ],
   [
    56.746563,
    23.162709
   ],
   [
    56.748301,
    23.161801
   ],
   [
    56.749122,
    23.161348
   ],
   [
    56.749948,
    23.160805
   ],
   [
    56.750468,
    23.16042
   ],
   [
    56.750945,
    23.160045
   ],
   [
    56.751353,
    23.159681
   ],
   [
    56.751794,
    23.159224
   ],
   [
    56.7523,
    23.158681
   ],
   [
    56.752813,
    23.158069
   ],
   [
    56.753011,
    23.157792
   ],
   [
    56.753397,
    23.157205
   ],
   [
    56.753697,
    23.156741
   ],
   [
    56.754073,
    23.156085
   ],
   [
    56.754245,
    23.155681
   ],
   [
    56.754684,
    23.15465
   ],
   [
    56.755146,
    23.153513
   ],
   [
    56.755572,
    23.15246
   ],
   [
    56.756219,
    23.150862
   ],
   [
    56.756621,
    23.149924
   ],
   [
    56.756905,
    23.149357
   ],
   [
    56.757345,
    23.148617
   ],
   [
    56.757919,
    23.147754
   ],
   [
    56.758286,
    23.147276
   ],
   [
    56.758713,
    23.146718
   ],
   [
    56.761932,
    23.142397
   ],
   [
    56.763568,
    23.140222
   ],
   [
    56.764083,
    23.139507
   ],
   [
    56.764346,
    23.139117
   ],
   [
    56.76463,
    23.138634
   ],
   [
    56.764738,
    23.138427
   ],
   [
    56.765172,
    23.137524
   ],
   [
    56.765456,
    23.136848
   ],
   [
    56.765623,
    23.136305
   ],
   [
    56.76588,
    23.135476
   ],
   [
    56.766352,
    23.133942
   ],
   [
    56.766948,
    23.131986
   ],
   [
    56.767361,
    23.130672
   ],
   [
    56.767554,
    23.130075
   ],
   [
    56.767914,
    23.129175
   ],
   [
    56.768015,
    23.12892
   ],
   [
    56.768385,
    23.128131
   ],
   [
    56.768561,
    23.127785
   ],
   [
    56.768739,
    23.12744
   ],
   [
    56.769185,
    23.12671
   ],
   [
    56.769576,
    23.126044
   ],
   [
    56.770343,
    23.124984
   ],
   [
    56.770939,
    23.124234
   ],
   [
    56.771443,
    23.123671
   ],
   [
    56.772307,
    23.122788
   ],
   [
    56.772988,
    23.122152
   ],
   [
    56.774012,
    23.121279
   ],
   [
    56.779549,
    23.116764
   ],
   [
    56.780255,
    23.116185
   ],
   [
    56.782414,
    23.114416
   ],
   [
    56.782779,
    23.114117
   ],
   [
    56.783288,
    23.1137
   ],
   [
    56.788405,
    23.109526
   ],
   [
    56.791543,
    23.106951
   ],
   [
    56.795513,
    23.103694
   ],
   [
    56.800218,
    23.09986
   ],
   [
    56.802725,
    23.097782
   ],
   [
    56.804091,
    23.096697
   ],
   [
    56.805813,
    23.095296
   ],
   [
    56.806773,
    23.09461
   ],
   [
    56.807751,
    23.093937
   ],
   [
    56.808187,
    23.093661
   ],
   [
    56.809321,
    23.092997
   ],
   [
    56.811075,
    23.092094
   ],
   [
    56.812416,
    23.091477
   ],
   [
    56.813654,
    23.090911
   ],
   [
    56.814433,
    23.090554
   ],
   [
    56.816016,
    23.089784
   ],
   [
    56.816955,
    23.089246
   ],
   [
    56.817566,
    23.088817
   ],
   [
    56.818221,
    23.088343
   ],
   [
    56.818902,
    23.087761
   ],
   [
    56.819353,
    23.087287
   ],
   [
    56.819723,
    23.086863
   ],
   [
    56.820093,
    23.086404
   ],
   [
    56.820495,
    23.085826
   ],
   [
    56.822067,
    23.082959
   ],
   [
    56.823027,
    23.081173
   ],
   [
    56.825624,
    23.076401
   ],
   [
    56.827158,
    23.073686
   ],
   [
    56.827576,
    23.072951
   ],
   [
    56.827936,
    23.072507
   ],
   [
    56.828418,
    23.072008
   ],
   [
    56.828912,
    23.07153
   ],
   [
    56.829357,
    23.071204
   ],
   [
    56.829931,
    23.070903
   ],
   [
    56.830559,
    23.070612
   ],
   [
    56.834748,
    23.068825
   ],
   [
    56.837291,
    23.067734
   ],
   [
    56.838927,
    23.067038
   ],
   [
    56.839812,
    23.066634
   ],
   [
    56.840521,
    23.066318
   ],
   [
    56.841202,
    23.065967
   ],
   [
    56.841711,
    23.065666
   ],
   [
    56.8422,
    23.06539
   ],
   [
    56.842897,
    23.064965
   ],
   [
    56.843578,
    23.064521
   ],
   [
    56.84404,
    23.06422
   ],
   [
    56.844807,
    23.063687
   ],
   [
    56.846277,
    23.062606
   ],
   [
    56.849023,
    23.060602
   ],
   [
    56.853583,
    23.057345
   ],
   [
    56.861423,
    23.051572
   ],
   [
    56.862844,
    23.05054
   ],
   [
    56.864953,
    23.049197
   ],
   [
    56.865626,
    23.048815
   ],
   [
    56.867128,
    23.048134
   ],
   [
    56.868646,
    23.047561
   ],
   [
    56.869816,
    23.047211
   ],
   [
    56.879756,
    23.044782
   ],
   [
    56.880448,
    23.04455
   ],
   [
    56.881054,
    23.044318
   ],
   [
    56.881424,
    23.044145
   ],
   [
    56.881768,
    23.043992
   ],
   [
    56.882229,
    23.043726
   ],
   [
    56.882642,
    23.043499
   ],
   [
    56.883007,
    23.043291
   ],
   [
    56.883441,
    23.042985
   ],
   [
    56.884015,
    23.042536
   ],
   [
    56.88475,
    23.041875
   ],
   [
    56.88747,
    23.039219
   ],
   [
    56.888362,
    23.038361
   ],
   [
    56.888728,
    23.038012
   ],
   [
    56.88902,
    23.037732
   ],
   [
    56.889487,
    23.037284
   ],
   [
    56.890345,
    23.036489
   ],
   [
    56.891155,
    23.035832
   ],
   [
    56.891772,
    23.035329
   ],
   [
    56.892716,
    23.034667
   ],
   [
    56.893451,
    23.034169
   ],
   [
    56.894224,
    23.033685
   ],
   [
    56.895216,
    23.033117
   ],
   [
    56.896659,
    23.032322
   ],
   [
    56.903039,
    23.028888
   ],
   [
    56.904877,
    23.027899
   ],
   [
    56.906819,
    23.026862
   ],
   [
    56.910194,
    23.02504
   ],
   [
    56.912833,
    23.023618
   ],
   [
    56.915107,
    23.022399
   ],
   [
    56.915183,
    23.022357
   ],
   [
    56.917253,
    23.021204
   ],
   [
    56.918251,
    23.020686
   ],
   [
    56.919297,
    23.020281
   ],
   [
    56.9203,
    23.019923
   ],
   [
    56.920897,
    23.019752
   ],
   [
    56.921303,
    23.019639
   ],
   [
    56.9225,
    23.019363
   ],
   [
    56.925643,
    23.018859
   ],
   [
    56.926643,
    23.018712
   ],
   [
    56.928186,
    23.018484
   ],
   [
    56.93259,
    23.017793
   ],
   [
    56.93524,
    23.017383
   ],
   [
    56.939693,
    23.016706
   ],
   [
    56.942503,
    23.016247
   ],
   [
    56.943839,
    23.016129
   ],
   [
    56.945121,
    23.016089
   ],
   [
    56.946135,
    23.016119
   ],
   [
    56.947299,
    23.016213
   ],
   [
    56.948876,
    23.016415
   ],
   [
    56.949633,
    23.016494
   ],
   [
    56.9504,
    23.016494
   ],
   [
    56.951521,
    23.016459
   ],
   [
    56.952573,
    23.016341
   ],
   [
    56.953479,
    23.016168
   ],
   [
    56.954418,
    23.015906
   ],
   [
    56.955432,
    23.015561
   ],
   [
    56.956703,
    23.015062
   ],
   [
    56.965115,
    23.011695
   ],
   [
    56.967695,
    23.010658
   ],
   [
    56.969819,
    23.009794
   ],
   [
    56.976374,
    23.007157
   ],
   [
    56.982388,
    23.004743
   ],
   [
    56.986138,
    23.003217
   ],
   [
    56.987221,
    23.002738
   ],
   [
    56.988906,
    23.001953
   ],
   [
    56.989893,
    23.001414
   ],
   [
    56.990982,
    23.000852
   ],
   [
    56.992216,
    23.000165
   ],
   [
    56.993181,
    22.999607
   ],
   [
    56.994624,
    22.998713
   ],
   [
    56.997022,
    22.997257
   ],
   [
    56.999592,
    22.995711
   ],
   [
    57.000235,
    22.995346
   ],
   [
    57.001426,
    22.994763
   ],
   [
    57.002494,
    22.994417
   ],
   [
    57.003556,
    22.994101
   ],
   [
    57.004945,
    22.993835
   ],
   [
    57.00537,
    22.993773
   ],
   [
    57.006619,
    22.993593
   ],
   [
    57.007778,
    22.993346
   ],
   [
    57.008722,
    22.993084
   ],
   [
    57.009607,
    22.992753
   ],
   [
    57.010417,
    22.992402
   ],
   [
    57.01119,
    22.991983
   ],
   [
    57.011526,
    22.991794
   ],
   [
    57.012016,
    22.991519
   ],
   [
    57.012659,
    22.991158
   ],
   [
    57.015181,
    22.98976
   ],
   [
    57.017074,
    22.988704
   ],
   [
    57.01812,
    22.988106
   ],
   [
    57.018666,
    22.987778
   ],
   [
    57.020078,
    22.986931
   ],
   [
    57.022181,
    22.985671
   ],
   [
    57.022932,
    22.985301
   ],
   [
    57.023512,
    22.985074
   ],
   [
    57.024193,
    22.984842
   ],
   [
    57.024858,
    22.984708
   ],
   [
    57.025486,
    22.98461
   ],
   [
    57.026049,
    22.98456
   ],
   [
    57.027009,
    22.984496
   ],
   [
    57.027653,
    22.984412
   ],
   [
    57.028248,
    22.984269
   ],
   [
    57.02879,
    22.984086
   ],
   [
    57.029343,
    22.983844
   ],
   [
    57.029901,
    22.983563
   ],
   [
    57.030394,
    22.983227
   ],
   [
    57.030705,
    22.982995
   ],
   [
    57.03136,
    22.982313
   ],
   [
    57.032921,
    22.980802
   ],
   [
    57.033452,
    22.980308
   ],
   [
    57.034364,
    22.979533
   ],
   [
    57.035024,
    22.978989
   ],
   [
    57.035238,
    22.978812
   ],
   [
    57.038381,
    22.976306
   ],
   [
    57.040738,
    22.974462
   ],
   [
    57.042001,
    22.973823
   ],
   [
    57.042841,
    22.973549
   ],
   [
    57.043525,
    22.973352
   ],
   [
    57.044459,
    22.973165
   ],
   [
    57.045246,
    22.973097
   ],
   [
    57.046655,
    22.973044
   ],
   [
    57.048534,
    22.972862
   ],
   [
    57.049165,
    22.972699
   ],
   [
    57.050047,
    22.972367
   ],
   [
    57.050725,
    22.972084
   ],
   [
    57.051189,
    22.971848
   ],
   [
    57.051883,
    22.971411
   ],
   [
    57.053063,
    22.970647
   ],
   [
    57.056256,
    22.968567
   ],
   [
    57.059679,
    22.966343
   ],
   [
    57.060294,
    22.965843
   ],
   [
    57.061155,
    22.965065
   ],
   [
    57.061797,
    22.96434
   ],
   [
    57.062543,
    22.963311
   ],
   [
    57.062955,
    22.962456
   ],
   [
    57.0633,
    22.96163
   ],
   [
    57.063561,
    22.960717
   ],
   [
    57.064364,
    22.956835
   ],
   [
    57.064855,
    22.954428
   ],
   [
    57.065108,
    22.953229
   ],
   [
    57.065439,
    22.951656
   ],
   [
    57.065673,
    22.950518
   ],
   [
    57.066091,
    22.94847
   ],
   [
    57.066592,
    22.94664
   ],
   [
    57.067145,
    22.944838
   ],
   [
    57.067724,
    22.9433
   ],
   [
    57.06846,
    22.94157
   ],
   [
    57.069165,
    22.940115
   ],
   [
    57.070558,
    22.937573
   ],
   [
    57.070889,
    22.937079
   ],
   [
    57.071857,
    22.935564
   ],
   [
    57.072415,
    22.934853
   ],
   [
    57.07302,
    22.934228
   ],
   [
    57.073746,
    22.933656
   ],
   [
    57.074253,
    22.933326
   ],
   [
    57.074314,
    22.933286
   ],
   [
    57.074899,
    22.932993
   ],
   [
    57.075499,
    22.932726
   ],
   [
    57.076241,
    22.932495
   ],
   [
    57.076855,
    22.932343
   ],
   [
    57.077742,
    22.932239
   ],
   [
    57.07864,
    22.9322
   ],
   [
    57.07959,
    22.932277
   ],
   [
    57.081698,
    22.932638
   ],
   [
    57.082242,
    22.932748
   ],
   [
    57.085329,
    22.933277
   ],
   [
    57.087693,
    22.933642
   ],
   [
    57.090202,
    22.933945
   ],
   [
    57.092368,
    22.934108
   ],
   [
    57.09673,
    22.934247
   ],
   [
    57.100497,
    22.9343
   ],
   [
    57.101708,
    22.934377
   ],
   [
    57.102986,
    22.934651
   ],
   [
    57.104217,
    22.935069
   ],
   [
    57.105203,
    22.935506
   ],
   [
    57.108934,
    22.937419
   ],
   [
    57.109727,
    22.937741
   ],
   [
    57.111193,
    22.938183
   ],
   [
    57.116427,
    22.939197
   ],
   [
    57.117874,
    22.93947
   ],
   [
    57.122474,
    22.94034
   ],
   [
    57.125652,
    22.94097
   ],
   [
    57.127158,
    22.94125
   ],
   [
    57.129187,
    22.94164
   ],
   [
    57.129675,
    22.941732
   ],
   [
    57.130802,
    22.941938
   ],
   [
    57.131309,
    22.942031
   ],
   [
    57.131921,
    22.942148
   ],
   [
    57.134871,
    22.942714
   ],
   [
    57.137752,
    22.943271
   ],
   [
    57.141054,
    22.94391
   ],
   [
    57.144493,
    22.944554
   ],
   [
    57.146888,
    22.945049
   ],
   [
    57.148406,
    22.945381
   ],
   [
    57.151166,
    22.94614
   ],
   [
    57.154866,
    22.947327
   ],
   [
    57.155967,
    22.947653
   ],
   [
    57.157088,
    22.947942
   ],
   [
    57.158466,
    22.948168
   ],
   [
    57.159499,
    22.948259
   ],
   [
    57.16108,
    22.948235
   ],
   [
    57.16263,
    22.948038
   ],
   [
    57.16372,
    22.947793
   ],
   [
    57.165233,
    22.947346
   ],
   [
    57.168068,
    22.946264
   ],
   [
    57.169547,
    22.945922
   ],
   [
    57.170543,
    22.94582
   ],
   [
    57.172742,
    22.945849
   ],
   [
    57.174102,
    22.946045
   ],
   [
    57.17555,
    22.94641
   ],
   [
    57.177329,
    22.947131
   ],
   [
    57.178262,
    22.947626
   ],
   [
    57.179393,
    22.948376
   ],
   [
    57.180885,
    22.94977
   ],
   [
    57.183039,
    22.951611
   ],
   [
    57.183962,
    22.952273
   ],
   [
    57.184591,
    22.952687
   ],
   [
    57.185569,
    22.953274
   ],
   [
    57.187197,
    22.954033
   ],
   [
    57.188609,
    22.954523
   ],
   [
    57.190031,
    22.954892
   ],
   [
    57.191792,
    22.955186
   ],
   [
    57.194404,
    22.955302
   ],
   [
    57.195702,
    22.955195
   ],
   [
    57.20702,
    22.953716
   ],
   [
    57.215566,
    22.952678
   ],
   [
    57.216166,
    22.952585
   ],
   [
    57.216951,
    22.9524
   ],
   [
    57.217381,
    22.952258
   ],
   [
    57.217711,
    22.952122
   ],
   [
    57.218233,
    22.951839
   ],
   [
    57.21879,
    22.951482
   ],
   [
    57.21917,
    22.951195
   ],
   [
    57.219512,
    22.950866
   ],
   [
    57.219875,
    22.950475
   ],
   [
    57.220125,
    22.950158
   ],
   [
    57.220338,
    22.949849
   ],
   [
    57.220562,
    22.949496
   ],
   [
    57.221632,
    22.947313
   ],
   [
    57.222504,
    22.945624
   ],
   [
    57.222879,
    22.945076
   ],
   [
    57.223196,
    22.944692
   ],
   [
    57.224511,
    22.94305
   ],
   [
    57.226542,
    22.940629
   ],
   [
    57.228098,
    22.938797
   ],
   [
    57.228601,
    22.938251
   ],
   [
    57.228772,
    22.938074
   ],
   [
    57.228947,
    22.937902
   ],
   [
    57.229128,
    22.937734
   ],
   [
    57.229314,
    22.937571
   ],
   [
    57.229505,
    22.937413
   ],
   [
    57.229701,
    22.93726
   ],
   [
    57.229901,
    22.937111
   ],
   [
    57.230105,
    22.936968
   ],
   [
    57.230314,
    22.936831
   ],
   [
    57.230903,
    22.936486
   ],
   [
    57.231309,
    22.93627
   ],
   [
    57.232204,
    22.935897
   ],
   [
    57.248963,
    22.930021
   ],
   [
    57.251294,
    22.929144
   ],
   [
    57.252986,
    22.928512
   ],
   [
    57.255997,
    22.927241
   ],
   [
    57.256653,
    22.926904
   ],
   [
    57.25685,
    22.926806
   ],
   [
    57.258016,
    22.926141
   ],
   [
    57.259204,
    22.925227
   ],
   [
    57.26092,
    22.923838
   ],
   [
    57.261528,
    22.923363
   ],
   [
    57.26214,
    22.923016
   ],
   [
    57.262557,
    22.922808
   ],
   [
    57.263023,
    22.922594
   ],
   [
    57.263631,
    22.922371
   ],
   [
    57.264446,
    22.922105
   ],
   [
    57.267944,
    22.920991
   ],
   [
    57.268854,
    22.920683
   ],
   [
    57.26962,
    22.920363
   ],
   [
    57.270406,
    22.919989
   ],
   [
    57.271285,
    22.919509
   ],
   [
    57.272022,
    22.919043
   ],
   [
    57.2727,
    22.918554
   ],
   [
    57.273279,
    22.918089
   ],
   [
    57.273797,
    22.917625
   ],
   [
    57.274505,
    22.916894
   ],
   [
    57.275192,
    22.916079
   ],
   [
    57.277217,
    22.913414
   ],
   [
    57.27876,
    22.911404
   ],
   [
    57.279936,
    22.909859
   ],
   [
    57.281084,
    22.908354
   ],
   [
    57.28198,
    22.907173
   ],
   [
    57.283359,
    22.905345
   ],
   [
    57.284769,
    22.903485
   ],
   [
    57.285715,
    22.902278
   ],
   [
    57.286234,
    22.901701
   ],
   [
    57.28684,
    22.901041
   ],
   [
    57.287524,
    22.900363
   ],
   [
    57.288202,
    22.899717
   ],
   [
    57.289182,
    22.898878
   ],
   [
    57.290142,
    22.89811
   ],
   [
    57.291076,
    22.897428
   ],
   [
    57.291695,
    22.897
   ],
   [
    57.292382,
    22.896551
   ],
   [
    57.293296,
    22.895997
   ],
   [
    57.294216,
    22.895475
   ],
   [
    57.294917,
    22.895133
   ],
   [
    57.295581,
    22.89483
   ],
   [
    57.296648,
    22.894351
   ],
   [
    57.297779,
    22.89389
   ],
   [
    57.297869,
    22.893858
   ],
   [
    57.298621,
    22.893587
   ],
   [
    57.299217,
    22.893394
   ],
   [
    57.299871,
    22.893192
   ],
   [
    57.300838,
    22.892921
   ],
   [
    57.30219,
    22.892593
   ],
   [
    57.303625,
    22.892324
   ],
   [
    57.305877,
    22.891909
   ],
   [
    57.306061,
    22.891888
   ],
   [
    57.308225,
    22.891483
   ],
   [
    57.311047,
    22.890977
   ],
   [
    57.311733,
    22.890855
   ],
   [
    57.312521,
    22.890716
   ],
   [
    57.314121,
    22.890436
   ],
   [
    57.314765,
    22.890323
   ],
   [
    57.316375,
    22.890022
   ],
   [
    57.316963,
    22.889912
   ],
   [
    57.318885,
    22.889584
   ],
   [
    57.323958,
    22.88866
   ],
   [
    57.324885,
    22.888491
   ],
   [
    57.326834,
    22.888144
   ],
   [
    57.327582,
    22.888011
   ],
   [
    57.330457,
    22.887497
   ],
   [
    57.333325,
    22.886989
   ],
   [
    57.336371,
    22.886436
   ],
   [
    57.338041,
    22.886155
   ],
   [
    57.340968,
    22.885681
   ],
   [
    57.343208,
    22.885339
   ],
   [
    57.344622,
    22.885106
   ],
   [
    57.346997,
    22.884736
   ],
   [
    57.347683,
    22.884643
   ],
   [
    57.348363,
    22.884582
   ],
   [
    57.349079,
    22.884562
   ],
   [
    57.350054,
    22.884618
   ],
   [
    57.350824,
    22.884725
   ],
   [
    57.35258,
    22.885029
   ],
   [
    57.353606,
    22.885198
   ],
   [
    57.35524,
    22.885512
   ],
   [
    57.356147,
    22.885726
   ],
   [
    57.357477,
    22.886055
   ],
   [
    57.358796,
    22.886389
   ],
   [
    57.360161,
    22.886803
   ],
   [
    57.362816,
    22.887561
   ],
   [
    57.364614,
    22.888054
   ],
   [
    57.365421,
    22.888242
   ],
   [
    57.366601,
    22.888458
   ],
   [
    57.367445,
    22.888582
   ],
   [
    57.368481,
    22.888655
   ],
   [
    57.369454,
    22.888698
   ],
   [
    57.370278,
    22.88869
   ],
   [
    57.371346,
    22.888642
   ],
   [
    57.372265,
    22.888542
   ],
   [
    57.373058,
    22.88843
   ],
   [
    57.37381,
    22.888292
   ],
   [
    57.375155,
    22.887988
   ],
   [
    57.377012,
    22.88757
   ],
   [
    57.379293,
    22.887041
   ],
   [
    57.38047,
    22.886749
   ],
   [
    57.38201,
    22.886419
   ],
   [
    57.383146,
    22.886172
   ],
   [
    57.385779,
    22.885558
   ],
   [
    57.388008,
    22.885039
   ],
   [
    57.389097,
    22.884826
   ],
   [
    57.389776,
    22.884745
   ],
   [
    57.390168,
    22.884714
   ],
   [
    57.39049,
    22.8847
   ],
   [
    57.391453,
    22.884733
   ],
   [
    57.393174,
    22.884767
   ],
   [
    57.393316,
    22.88477
   ],
   [
    57.394259,
    22.884794
   ],
   [
    57.395432,
    22.884765
   ],
   [
    57.396722,
    22.88471
   ],
   [
    57.39761,
    22.884634
   ],
   [
    57.398459,
    22.884554
   ],
   [
    57.399898,
    22.884384
   ],
   [
    57.400554,
    22.884296
   ],
   [
    57.401865,
    22.884119
   ],
   [
    57.403393,
    22.883899
   ],
   [
    57.404441,
    22.883763
   ],
   [
    57.407379,
    22.883339
   ],
   [
    57.408459,
    22.883197
   ],
   [
    57.40947,
    22.883039
   ],
   [
    57.410336,
    22.88283
   ],
   [
    57.411037,
    22.882617
   ],
   [
    57.412029,
    22.882271
   ],
   [
    57.413629,
    22.881683
   ],
   [
    57.414494,
    22.881377
   ],
   [
    57.415218,
    22.881173
   ],
   [
    57.416006,
    22.880998
   ],
   [
    57.416869,
    22.880869
   ],
   [
    57.417395,
    22.880807
   ],
   [
    57.419121,
    22.88067
   ],
   [
    57.4199,
    22.88059
   ],
   [
    57.420214,
    22.880561
   ],
   [
    57.421488,
    22.880482
   ],
   [
    57.422158,
    22.880392
   ],
   [
    57.42339,
    22.880259
   ],
   [
    57.424188,
    22.880188
   ],
   [
    57.425784,
    22.880002
   ],
   [
    57.426932,
    22.87986
   ],
   [
    57.427649,
    22.879813
   ],
   [
    57.428282,
    22.879784
   ],
   [
    57.428592,
    22.879758
   ],
   [
    57.429225,
    22.879677
   ],
   [
    57.430149,
    22.879581
   ],
   [
    57.430789,
    22.879532
   ],
   [
    57.431253,
    22.879488
   ],
   [
    57.432096,
    22.87937
   ],
   [
    57.433146,
    22.879214
   ],
   [
    57.434013,
    22.879042
   ],
   [
    57.434327,
    22.878966
   ],
   [
    57.43527,
    22.878726
   ],
   [
    57.435766,
    22.878585
   ],
   [
    57.436372,
    22.878394
   ],
   [
    57.438192,
    22.877816
   ],
   [
    57.442434,
    22.876462
   ],
   [
    57.445446,
    22.875518
   ],
   [
    57.446836,
    22.875063
   ],
   [
    57.447854,
    22.874664
   ],
   [
    57.4485,
    22.874354
   ],
   [
    57.449096,
    22.874031
   ],
   [
    57.449517,
    22.873768
   ],
   [
    57.449995,
    22.873452
   ],
   [
    57.450715,
    22.872904
   ],
   [
    57.45116,
    22.872511
   ],
   [
    57.451804,
    22.871875
   ],
   [
    57.452532,
    22.87101
   ],
   [
    57.453048,
    22.870262
   ],
   [
    57.453681,
    22.869226
   ],
   [
    57.454511,
    22.867908
   ],
   [
    57.455014,
    22.867199
   ],
   [
    57.455599,
    22.866428
   ],
   [
    57.45631,
    22.865597
   ],
   [
    57.456889,
    22.864952
   ],
   [
    57.457638,
    22.864198
   ],
   [
    57.458192,
    22.863682
   ],
   [
    57.458656,
    22.863275
   ],
   [
    57.459164,
    22.862858
   ],
   [
    57.460001,
    22.862226
   ],
   [
    57.460709,
    22.861711
   ],
   [
    57.461397,
    22.861251
   ],
   [
    57.462017,
    22.860872
   ],
   [
    57.462899,
    22.860359
   ],
   [
    57.463654,
    22.859964
   ],
   [
    57.464803,
    22.859421
   ],
   [
    57.466003,
    22.858871
   ],
   [
    57.466898,
    22.85847
   ],
   [
    57.468031,
    22.857957
   ],
   [
    57.469754,
    22.857154
   ],
   [
    57.470679,
    22.85672
   ],
   [
    57.471746,
    22.856227
   ],
   [
    57.472265,
    22.855998
   ],
   [
    57.472815,
    22.855774
   ],
   [
    57.474045,
    22.855323
   ],
   [
    57.475216,
    22.854966
   ],
   [
    57.475933,
    22.854762
   ],
   [
    57.476693,
    22.854582
   ],
   [
    57.477463,
    22.854411
   ],
   [
    57.478412,
    22.854246
   ],
   [
    57.479016,
    22.854162
   ],
   [
    57.479659,
    22.854086
   ],
   [
    57.480427,
    22.854021
   ],
   [
    57.481306,
    22.853969
   ],
   [
    57.481717,
    22.85395
   ],
   [
    57.482629,
    22.853932
   ],
   [
    57.48337,
    22.853949
   ],
   [
    57.484112,
    22.85399
   ],
   [
    57.485025,
    22.854057
   ],
   [
    57.485782,
    22.854142
   ],
   [
    57.486584,
    22.854262
   ],
   [
    57.487918,
    22.854527
   ],
   [
    57.48948,
    22.854835
   ],
   [
    57.490859,
    22.855104
   ],
   [
    57.493449,
    22.855643
   ],
   [
    57.495506,
    22.85605
   ],
   [
    57.497718,
    22.856505
   ],
   [
    57.499411,
    22.856836
   ],
   [
    57.502194,
    22.857428
   ],
   [
    57.503519,
    22.85771
   ],
   [
    57.504797,
    22.857976
   ],
   [
    57.507913,
    22.858611
   ],
   [
    57.508201,
    22.85867
   ],
   [
    57.508474,
    22.858716
   ],
   [
    57.509615,
    22.858923
   ],
   [
    57.510787,
    22.859041
   ],
   [
    57.511962,
    22.859161
   ],
   [
    57.512675,
    22.859204
   ],
   [
    57.513416,
    22.85923
   ],
   [
    57.514512,
    22.859267
   ],
   [
    57.515443,
    22.859233
   ],
   [
    57.516219,
    22.859171
   ],
   [
    57.516815,
    22.859113
   ],
   [
    57.517197,
    22.859065
   ],
   [
    57.517862,
    22.858973
   ],
   [
    57.518979,
    22.858752
   ],
   [
    57.519917,
    22.858561
   ],
   [
    57.520869,
    22.858354
   ],
   [
    57.521446,
    22.858231
   ],
   [
    57.522179,
    22.85808
   ],
   [
    57.523064,
    22.857873
   ],
   [
    57.524465,
    22.857575
   ],
   [
    57.525912,
    22.857266
   ],
   [
    57.526157,
    22.857213
   ],
   [
    57.527324,
    22.856964
   ],
   [
    57.527707,
    22.85689
   ],
   [
    57.528002,
    22.856849
   ],
   [
    57.528256,
    22.856825
   ],
   [
    57.528668,
    22.856803
   ],
   [
    57.529046,
    22.856801
   ],
   [
    57.529645,
    22.856838
   ],
   [
    57.530322,
    22.856948
   ],
   [
    57.531214,
    22.857121
   ],
   [
    57.53234,
    22.85735
   ],
   [
    57.532969,
    22.857473
   ],
   [
    57.536104,
    22.858081
   ],
   [
    57.536956,
    22.858219
   ],
   [
    57.53745,
    22.858235
   ],
   [
    57.537731,
    22.858268
   ],
   [
    57.538466,
    22.858412
   ],
   [
    57.538988,
    22.858524
   ],
   [
    57.539315,
    22.858617
   ],
   [
    57.539787,
    22.858766
   ],
   [
    57.540103,
    22.858883
   ],
   [
    57.540426,
    22.859007
   ],
   [
    57.540833,
    22.859142
   ],
   [
    57.540957,
    22.859162
   ],
   [
    57.541088,
    22.859165
   ],
   [
    57.541222,
    22.859135
   ],
   [
    57.54134,
    22.859076
   ],
   [
    57.541421,
    22.859012
   ],
   [
    57.541493,
    22.858927
   ],
   [
    57.541554,
    22.858816
   ],
   [
    57.541591,
    22.858662
   ],
   [
    57.541597,
    22.858538
   ],
   [
    57.541582,
    22.858386
   ],
   [
    57.541538,
    22.858219
   ],
   [
    57.541478,
    22.85806
   ],
   [
    57.541388,
    22.857886
   ],
   [
    57.541267,
    22.857692
   ],
   [
    57.541139,
    22.857514
   ],
   [
    57.540963,
    22.857339
   ],
   [
    57.540812,
    22.857222
   ],
   [
    57.540704,
    22.857161
   ],
   [
    57.540548,
    22.857119
   ],
   [
    57.540441,
    22.857109
   ],
   [
    57.540278,
    22.857132
   ],
   [
    57.540173,
    22.85718
   ],
   [
    57.540063,
    22.857256
   ],
   [
    57.53999,
    22.857327
   ],
   [
    57.539926,
    22.857424
   ],
   [
    57.539853,
    22.85757
   ],
   [
    57.539744,
    22.858034
   ],
   [
    57.539661,
    22.858563
   ],
   [
    57.539554,
    22.859267
   ],
   [
    57.539524,
    22.859456
   ],
   [
    57.53933,
    22.860584
   ],
   [
    57.539202,
    22.861315
   ],
   [
    57.53906,
    22.86185
   ],
   [
    57.538916,
    22.862214
   ],
   [
    57.538773,
    22.862565
   ],
   [
    57.538532,
    22.863201
   ],
   [
    57.538293,
    22.863806
   ],
   [
    57.53817,
    22.864234
   ],
   [
    57.537825,
    22.865624
   ],
   [
    57.537699,
    22.86618
   ],
   [
    57.537586,
    22.866503
   ],
   [
    57.537432,
    22.866955
   ],
   [
    57.537268,
    22.867415
   ],
   [
    57.537107,
    22.867819
   ],
   [
    57.535835,
    22.870884
   ],
   [
    57.53562,
    22.871533
   ],
   [
    57.535368,
    22.87224
   ],
   [
    57.535358,
    22.872291
   ],
   [
    57.535373,
    22.872322
   ],
   [
    57.535388,
    22.87235
   ],
   [
    57.53547,
    22.872399
   ],
   [
    57.535574,
    22.872456
   ],
   [
    57.536443,
    22.872765
   ],
   [
    57.536398,
    22.872865
   ],
   [
    57.53634,
    22.872993
   ],
   [
    57.536325,
    22.873031
   ],
   [
    57.536306,
    22.873092
   ],
   [
    57.536268,
    22.873188
   ],
   [
    57.536241,
    22.873257
   ],
   [
    57.536167,
    22.873425
   ],
   [
    57.536158,
    22.873447
   ],
   [
    57.536055,
    22.873682
   ],
   [
    57.535987,
    22.87383
   ],
   [
    57.535928,
    22.873988
   ],
   [
    57.535863,
    22.874157
   ],
   [
    57.535822,
    22.874262
   ],
   [
    57.535794,
    22.874318
   ],
   [
    57.535769,
    22.874405
   ],
   [
    57.535693,
    22.874531
   ],
   [
    57.535646,
    22.87461
   ],
   [
    57.535534,
    22.874579
   ],
   [
    57.53546,
    22.874561
   ],
   [
    57.535408,
    22.874553
   ],
   [
    57.535355,
    22.874539
   ],
   [
    57.535272,
    22.874525
   ],
   [
    57.535266,
    22.874526
   ],
   [
    57.535177,
    22.87468
   ],
   [
    57.535111,
    22.874749
   ],
   [
    57.534914,
    22.87513
   ],
   [
    57.534716,
    22.875622
   ],
   [
    57.534678,
    22.875746
   ],
   [
    57.53467,
    22.875854
   ],
   [
    57.534699,
    22.876052
   ],
   [
    57.534782,
    22.876425
   ],
   [
    57.534798,
    22.876478
   ],
   [
    57.534824,
    22.876532
   ],
   [
    57.534862,
    22.876631
   ],
   [
    57.535057,
    22.876842
   ],
   [
    57.535053,
    22.876966
   ],
   [
    57.535085,
    22.877046
   ],
   [
    57.535403,
    22.877376
   ],
   [
    57.535422,
    22.877496
   ],
   [
    57.535557,
    22.877613
   ],
   [
    57.536141,
    22.878115
   ],
   [
    57.536394,
    22.878361
   ],
   [
    57.536545,
    22.878481
   ],
   [
    57.536665,
    22.878534
   ],
   [
    57.536759,
    22.878558
   ],
   [
    57.536801,
    22.878556
   ],
   [
    57.536843,
    22.87856
   ],
   [
    57.536902,
    22.87858
   ],
   [
    57.536954,
    22.878613
   ],
   [
    57.536995,
    22.878658
   ],
   [
    57.537021,
    22.878711
   ],
   [
    57.537031,
    22.878768
   ],
   [
    57.537029,
    22.878807
   ],
   [
    57.537016,
    22.878852
   ],
   [
    57.536993,
    22.878893
   ],
   [
    57.536962,
    22.878929
   ],
   [
    57.536915,
    22.878962
   ],
   [
    57.536878,
    22.878978
   ],
   [
    57.53683,
    22.87899
   ],
   [
    57.536767,
    22.878991
   ],
   [
    57.536712,
    22.878978
   ],
   [
    57.536661,
    22.878954
   ],
   [
    57.536618,
    22.878919
   ],
   [
    57.536585,
    22.878876
   ],
   [
    57.536565,
    22.878826
   ],
   [
    57.53656,
    22.878802
   ],
   [
    57.536461,
    22.878601
   ],
   [
    57.535747,
    22.87801
   ],
   [
    57.535425,
    22.877745
   ],
   [
    57.535039,
    22.877406
   ],
   [
    57.534907,
    22.877286
   ],
   [
    57.534854,
    22.877238
   ],
   [
    57.534756,
    22.877134
   ],
   [
    57.534542,
    22.87683
   ],
   [
    57.534377,
    22.876574
   ],
   [
    57.534317,
    22.876482
   ],
   [
    57.534168,
    22.876208
   ],
   [
    57.534092,
    22.876091
   ],
   [
    57.533982,
    22.875962
   ],
   [
    57.53389,
    22.875891
   ],
   [
    57.533817,
    22.875841
   ],
   [
    57.533791,
    22.875827
   ],
   [
    57.533633,
    22.875744
   ],
   [
    57.533517,
    22.875694
   ],
   [
    57.533607,
    22.875511
   ],
   [
    57.533717,
    22.875287
   ],
   [
    57.533742,
    22.875235
   ],
   [
    57.534278,
    22.874148
   ],
   [
    57.534802,
    22.872937
   ],
   [
    57.535094,
    22.872266
   ],
   [
    57.535402,
    22.871546
   ],
   [
    57.536041,
    22.870034
   ],
   [
    57.536861,
    22.868027
   ],
   [
    57.5372,
    22.867207
   ],
   [
    57.537562,
    22.866113
   ],
   [
    57.537713,
    22.865556
   ],
   [
    57.538175,
    22.863767
   ],
   [
    57.538638,
    22.862582
   ],
   [
    57.538812,
    22.862133
   ],
   [
    57.538952,
    22.861742
   ],
   [
    57.539117,
    22.861179
   ],
   [
    57.539144,
    22.861051
   ],
   [
    57.539219,
    22.86056
   ],
   [
    57.539273,
    22.860236
   ],
   [
    57.539433,
    22.859243
   ],
   [
    57.539546,
    22.858529
   ],
   [
    57.539751,
    22.857142
   ],
   [
    57.53987,
    22.856348
   ],
   [
    57.539982,
    22.855656
   ],
   [
    57.540169,
    22.854461
   ],
   [
    57.540283,
    22.853447
   ],
   [
    57.540285,
    22.853081
   ],
   [
    57.54026,
    22.851382
   ],
   [
    57.540272,
    22.850862
   ],
   [
    57.540407,
    22.849943
   ],
   [
    57.540759,
    22.847706
   ],
   [
    57.541043,
    22.846163
   ],
   [
    57.541187,
    22.845376
   ],
   [
    57.541927,
    22.84289
   ],
   [
    57.54198,
    22.842664
   ],
   [
    57.54198,
    22.842525
   ],
   [
    57.541969,
    22.842378
   ],
   [
    57.541912,
    22.842168
   ],
   [
    57.541865,
    22.842077
   ],
   [
    57.541845,
    22.841978
   ],
   [
    57.541852,
    22.841877
   ],
   [
    57.541886,
    22.841781
   ],
   [
    57.541953,
    22.841688
   ],
   [
    57.542046,
    22.841616
   ],
   [
    57.542157,
    22.841571
   ],
   [
    57.542333,
    22.841344
   ],
   [
    57.542413,
    22.841219
   ],
   [
    57.542473,
    22.841082
   ],
   [
    57.54305,
    22.839092
   ],
   [
    57.543165,
    22.83857
   ],
   [
    57.543236,
    22.837944
   ],
   [
    57.543245,
    22.837499
   ],
   [
    57.543221,
    22.83714
   ],
   [
    57.543145,
    22.836565
   ],
   [
    57.54299,
    22.835859
   ],
   [
    57.542765,
    22.835054
   ],
   [
    57.542665,
    22.834626
   ],
   [
    57.542594,
    22.834112
   ],
   [
    57.542538,
    22.833696
   ],
   [
    57.54252,
    22.833583
   ],
   [
    57.542487,
    22.833446
   ],
   [
    57.542443,
    22.833311
   ],
   [
    57.542426,
    22.833275
   ],
   [
    57.542408,
    22.833229
   ],
   [
    57.542367,
    22.833166
   ],
   [
    57.542333,
    22.833114
   ],
   [
    57.542302,
    22.832983
   ],
   [
    57.542317,
    22.832857
   ],
   [
    57.542373,
    22.832741
   ],
   [
    57.542423,
    22.832688
   ],
   [
    57.542464,
    22.832646
   ],
   [
    57.542626,
    22.832431
   ],
   [
    57.542766,
    22.832179
   ],
   [
    57.542873,
    22.831907
   ],
   [
    57.543173,
    22.830344
   ],
   [
    57.543332,
    22.828785
   ],
   [
    57.543333,
    22.825777
   ],
   [
    57.543344,
    22.824818
   ],
   [
    57.543419,
    22.824213
   ],
   [
    57.543594,
    22.823525
   ],
   [
    57.543754,
    22.823114
   ],
   [
    57.544245,
    22.822259
   ],
   [
    57.544351,
    22.822074
   ],
   [
    57.545205,
    22.821024
   ],
   [
    57.545428,
    22.820749
   ],
   [
    57.546957,
    22.818868
   ],
   [
    57.548354,
    22.816708
   ],
   [
    57.549213,
    22.814723
   ],
   [
    57.549708,
    22.812992
   ],
   [
    57.55013,
    22.81102
   ],
   [
    57.550696,
    22.804634
   ],
   [
    57.551328,
    22.798021
   ],
   [
    57.551562,
    22.795567
   ],
   [
    57.551603,
    22.795037
   ],
   [
    57.551993,
    22.790115
   ],
   [
    57.552336,
    22.786596
   ],
   [
    57.552429,
    22.785639
   ],
   [
    57.552619,
    22.783701
   ],
   [
    57.553419,
    22.774992
   ],
   [
    57.554219,
    22.76621
   ],
   [
    57.554361,
    22.764619
   ],
   [
    57.554641,
    22.761488
   ],
   [
    57.554769,
    22.759975
   ],
   [
    57.554866,
    22.758928
   ],
   [
    57.554997,
    22.757741
   ],
   [
    57.55503,
    22.757483
   ],
   [
    57.55506,
    22.757246
   ],
   [
    57.555229,
    22.756181
   ],
   [
    57.555325,
    22.755565
   ],
   [
    57.555422,
    22.755003
   ],
   [
    57.555699,
    22.753603
   ],
   [
    57.555874,
    22.752815
   ],
   [
    57.555986,
    22.752395
   ],
   [
    57.556091,
    22.751974
   ],
   [
    57.556143,
    22.751774
   ],
   [
    57.557031,
    22.748623
   ],
   [
    57.558279,
    22.745217
   ],
   [
    57.560378,
    22.73956
   ],
   [
    57.560474,
    22.739305
   ],
   [
    57.561473,
    22.736611
   ],
   [
    57.5624,
    22.734207
   ],
   [
    57.563757,
    22.730682
   ],
   [
    57.564477,
    22.728701
   ],
   [
    57.566732,
    22.722743
   ],
   [
    57.567309,
    22.721242
   ],
   [
    57.568153,
    22.718989
   ],
   [
    57.568376,
    22.718381
   ],
   [
    57.569219,
    22.716078
   ],
   [
    57.569818,
    22.714488
   ],
   [
    57.57017,
    22.713252
   ],
   [
    57.570735,
    22.710922
   ],
   [
    57.570987,
    22.709062
   ],
   [
    57.571016,
    22.705923
   ],
   [
    57.570821,
    22.702896
   ],
   [
    57.570671,
    22.702203
   ],
   [
    57.570585,
    22.701807
   ],
   [
    57.570449,
    22.701274
   ],
   [
    57.569922,
    22.699284
   ],
   [
    57.569438,
    22.697867
   ],
   [
    57.568493,
    22.695651
   ],
   [
    57.567369,
    22.693628
   ],
   [
    57.563214,
    22.686798
   ],
   [
    57.560549,
    22.682419
   ],
   [
    57.559282,
    22.680174
   ],
   [
    57.558423,
    22.678228
   ],
   [
    57.557578,
    22.67584
   ],
   [
    57.557214,
    22.6745
   ],
   [
    57.557136,
    22.674195
   ],
   [
    57.556933,
    22.673141
   ],
   [
    57.556638,
    22.670895
   ],
   [
    57.556565,
    22.66985
   ],
   [
    57.556515,
    22.669184
   ],
   [
    57.556413,
    22.667826
   ],
   [
    57.556355,
    22.667019
   ],
   [
    57.556217,
    22.665103
   ],
   [
    57.55607,
    22.663185
   ],
   [
    57.55606,
    22.663053
   ],
   [
    57.555919,
    22.661151
   ],
   [
    57.555753,
    22.659024
   ],
   [
    57.555645,
    22.657439
   ],
   [
    57.555219,
    22.651908
   ],
   [
    57.554922,
    22.649631
   ],
   [
    57.55488,
    22.649386
   ],
   [
    57.554766,
    22.648725
   ],
   [
    57.554326,
    22.64621
   ],
   [
    57.553618,
    22.642368
   ],
   [
    57.552781,
    22.637897
   ],
   [
    57.552003,
    22.633689
   ],
   [
    57.551955,
    22.633363
   ],
   [
    57.551419,
    22.630515
   ],
   [
    57.55083,
    22.627442
   ],
   [
    57.550807,
    22.627321
   ],
   [
    57.550591,
    22.626137
   ],
   [
    57.550136,
    22.623642
   ],
   [
    57.549477,
    22.620171
   ],
   [
    57.548779,
    22.616244
   ],
   [
    57.54791,
    22.611579
   ],
   [
    57.54709,
    22.607261
   ],
   [
    57.546558,
    22.604691
   ],
   [
    57.54599,
    22.602393
   ],
   [
    57.545614,
    22.601076
   ],
   [
    57.545225,
    22.599796
   ],
   [
    57.545155,
    22.599566
   ],
   [
    57.545104,
    22.599399
   ],
   [
    57.544676,
    22.59799
   ],
   [
    57.543227,
    22.593117
   ],
   [
    57.54194,
    22.588848
   ],
   [
    57.54069,
    22.584692
   ],
   [
    57.539145,
    22.579595
   ],
   [
    57.53767,
    22.574602
   ],
   [
    57.536307,
    22.570134
   ],
   [
    57.534875,
    22.565339
   ],
   [
    57.533641,
    22.561267
   ],
   [
    57.53267,
    22.557988
   ],
   [
    57.532107,
    22.55614
   ],
   [
    57.530889,
    22.552077
   ],
   [
    57.530444,
    22.550725
   ],
   [
    57.529703,
    22.548674
   ],
   [
    57.529129,
    22.547351
   ],
   [
    57.528448,
    22.545885
   ],
   [
    57.527424,
    22.54366
   ],
   [
    57.525884,
    22.540326
   ],
   [
    57.524071,
    22.536431
   ],
   [
    57.522596,
    22.533136
   ],
   [
    57.522263,
    22.532274
   ],
   [
    57.522,
    22.531333
   ],
   [
    57.521668,
    22.529737
   ],
   [
    57.521512,
    22.528449
   ],
   [
    57.521453,
    22.527388
   ],
   [
    57.521308,
    22.524207
   ],
   [
    57.52112,
    22.520628
   ],
   [
    57.521115,
    22.520559
   ],
   [
    57.521077,
    22.519812
   ],
   [
    57.520863,
    22.515631
   ],
   [
    57.520638,
    22.510946
   ],
   [
    57.520348,
    22.505099
   ],
   [
    57.520155,
    22.501352
   ],
   [
    57.519919,
    22.496787
   ],
   [
    57.519752,
    22.493457
   ],
   [
    57.519516,
    22.488639
   ],
   [
    57.519345,
    22.485432
   ],
   [
    57.519275,
    22.484629
   ],
   [
    57.519141,
    22.483841
   ],
   [
    57.518899,
    22.482666
   ],
   [
    57.518637,
    22.481749
   ],
   [
    57.517961,
    22.480044
   ],
   [
    57.517584,
    22.479124
   ],
   [
    57.517017,
    22.477879
   ],
   [
    57.51559,
    22.474785
   ],
   [
    57.513224,
    22.469635
   ],
   [
    57.51224,
    22.467432
   ],
   [
    57.511722,
    22.466313
   ],
   [
    57.510512,
    22.463669
   ],
   [
    57.508922,
    22.460191
   ],
   [
    57.508739,
    22.459811
   ],
   [
    57.507854,
    22.45797
   ],
   [
    57.507066,
    22.456542
   ],
   [
    57.506159,
    22.455025
   ],
   [
    57.504829,
    22.452963
   ],
   [
    57.502136,
    22.448892
   ],
   [
    57.499931,
    22.445551
   ],
   [
    57.497812,
    22.442328
   ],
   [
    57.495462,
    22.438644
   ],
   [
    57.494878,
    22.437553
   ],
   [
    57.494465,
    22.4367
   ],
   [
    57.493987,
    22.435669
   ],
   [
    57.493617,
    22.434752
   ],
   [
    57.493336,
    22.433995
   ],
   [
    57.492838,
    22.432449
   ],
   [
    57.492448,
    22.431063
   ],
   [
    57.492152,
    22.429724
   ],
   [
    57.49189,
    22.428147
   ],
   [
    57.491848,
    22.427785
   ],
   [
    57.491709,
    22.426307
   ],
   [
    57.491667,
    22.423929
   ],
   [
    57.491715,
    22.422379
   ],
   [
    57.491884,
    22.420928
   ],
   [
    57.492232,
    22.418736
   ],
   [
    57.492646,
    22.41694
   ],
   [
    57.492961,
    22.415872
   ],
   [
    57.493474,
    22.414366
   ],
   [
    57.494192,
    22.412597
   ],
   [
    57.4972,
    22.406521
   ],
   [
    57.503104,
    22.394709
   ],
   [
    57.503212,
    22.394494
   ],
   [
    57.503241,
    22.394067
   ],
   [
    57.503187,
    22.393715
   ],
   [
    57.503053,
    22.393432
   ],
   [
    57.50279,
    22.393055
   ],
   [
    57.502608,
    22.392748
   ],
   [
    57.502484,
    22.39242
   ],
   [
    57.502197,
    22.391294
   ],
   [
    57.502148,
    22.391162
   ],
   [
    57.50209,
    22.391049
   ],
   [
    57.501971,
    22.390902
   ],
   [
    57.50181,
    22.390755
   ],
   [
    57.501731,
    22.390706
   ],
   [
    57.501651,
    22.390623
   ],
   [
    57.5016,
    22.390524
   ],
   [
    57.50158,
    22.390415
   ],
   [
    57.501593,
    22.390306
   ],
   [
    57.501627,
    22.390223
   ],
   [
    57.50168,
    22.39015
   ],
   [
    57.501781,
    22.390069
   ],
   [
    57.501904,
    22.390021
   ],
   [
    57.502037,
    22.390011
   ],
   [
    57.502167,
    22.390039
   ],
   [
    57.502281,
    22.390103
   ],
   [
    57.502477,
    22.390184
   ],
   [
    57.502612,
    22.390213
   ],
   [
    57.502886,
    22.390222
   ],
   [
    57.503293,
    22.390144
   ],
   [
    57.503703,
    22.39008
   ],
   [
    57.504381,
    22.389991
   ],
   [
    57.505138,
    22.389922
   ],
   [
    57.505981,
    22.389854
   ],
   [
    57.507691,
    22.389731
   ],
   [
    57.509266,
    22.389606
   ],
   [
    57.509537,
    22.38957
   ],
   [
    57.509793,
    22.389509
   ],
   [
    57.510346,
    22.389333
   ],
   [
    57.510738,
    22.389144
   ],
   [
    57.511046,
    22.388955
   ],
   [
    57.511141,
    22.38887
   ],
   [
    57.511239,
    22.388745
   ],
   [
    57.511361,
    22.388493
   ],
   [
    57.51142,
    22.388374
   ],
   [
    57.511506,
    22.388285
   ],
   [
    57.511618,
    22.388224
   ],
   [
    57.511744,
    22.388197
   ],
   [
    57.511875,
    22.388204
   ],
   [
    57.511992,
    22.388248
   ],
   [
    57.512091,
    22.38832
   ],
   [
    57.512164,
    22.388415
   ],
   [
    57.512204,
    22.388526
   ],
   [
    57.512208,
    22.388643
   ],
   [
    57.512175,
    22.388755
   ],
   [
    57.512131,
    22.388928
   ],
   [
    57.512132,
    22.389076
   ],
   [
    57.512184,
    22.389304
   ],
   [
    57.512573,
    22.390018
   ],
   [
    57.513028,
    22.390716
   ],
   [
    57.513332,
    22.391238
   ],
   [
    57.51358,
    22.391652
   ],
   [
    57.513699,
    22.391916
   ],
   [
    57.513803,
    22.392186
   ],
   [
    57.513891,
    22.39246
   ],
   [
    57.513965,
    22.392738
   ],
   [
    57.513992,
    22.392804
   ],
   [
    57.514013,
    22.392871
   ],
   [
    57.514029,
    22.39294
   ],
   [
    57.514086,
    22.393271
   ],
   [
    57.514105,
    22.393423
   ],
   [
    57.514119,
    22.393576
   ],
   [
    57.514126,
    22.39373
   ],
   [
    57.514128,
    22.394215
   ],
   [
    57.514554,
    22.394352
   ],
   [
    57.514627,
    22.394383
   ],
   [
    57.514666,
    22.394434
   ],
   [
    57.514669,
    22.394533
   ],
   [
    57.514674,
    22.394683
   ],
   [
    57.514689,
    22.39471
   ],
   [
    57.514772,
    22.39486
   ],
   [
    57.514949,
    22.395076
   ],
   [
    57.514787,
    22.39516
   ],
   [
    57.514727,
    22.39518
   ],
   [
    57.514665,
    22.395196
   ],
   [
    57.514603,
    22.395207
   ],
   [
    57.514537,
    22.395213
   ],
   [
    57.514472,
    22.395214
   ],
   [
    57.514439,
    22.395234
   ],
   [
    57.514401,
    22.395246
   ],
   [
    57.51436,
    22.39525
   ],
   [
    57.514201,
    22.395266
   ],
   [
    57.514119,
    22.395262
   ],
   [
    57.514038,
    22.395251
   ],
   [
    57.513958,
    22.395234
   ],
   [
    57.513946,
    22.395223
   ],
   [
    57.513938,
    22.39521
   ],
   [
    57.513934,
    22.395195
   ],
   [
    57.513926,
    22.39512
   ],
   [
    57.513964,
    22.394913
   ],
   [
    57.513989,
    22.394702
   ],
   [
    57.514008,
    22.394579
   ],
   [
    57.514049,
    22.394181
   ],
   [
    57.514059,
    22.394046
   ],
   [
    57.514063,
    22.393731
   ],
   [
    57.514059,
    22.393577
   ],
   [
    57.514049,
    22.393424
   ],
   [
    57.514034,
    22.393271
   ],
   [
    57.513987,
    22.392948
   ],
   [
    57.513975,
    22.392873
   ],
   [
    57.513966,
    22.392808
   ],
   [
    57.513965,
    22.392738
   ],
   [
    57.513891,
    22.39246
   ],
   [
    57.513803,
    22.392186
   ],
   [
    57.513699,
    22.391916
   ],
   [
    57.51358,
    22.391652
   ],
   [
    57.513332,
    22.391238
   ],
   [
    57.513028,
    22.390716
   ],
   [
    57.512573,
    22.390018
   ],
   [
    57.512184,
    22.389304
   ],
   [
    57.511978,
    22.389127
   ],
   [
    57.511853,
    22.389046
   ],
   [
    57.51174,
    22.388994
   ],
   [
    57.511682,
    22.388985
   ],
   [
    57.511496,
    22.388976
   ],
   [
    57.511314,
    22.388998
   ],
   [
    57.511138,
    22.389068
   ],
   [
    57.510811,
    22.389252
   ],
   [
    57.510421,
    22.389437
   ],
   [
    57.509933,
    22.389618
   ],
   [
    57.509593,
    22.389688
   ],
   [
    57.509278,
    22.389733
   ],
   [
    57.507691,
    22.389731
   ],
   [
    57.505981,
    22.389854
   ],
   [
    57.505138,
    22.389922
   ],
   [
    57.504381,
    22.389991
   ],
   [
    57.503703,
    22.39008
   ],
   [
    57.503293,
    22.390144
   ],
   [
    57.502886,
    22.390222
   ],
   [
    57.502672,
    22.390322
   ],
   [
    57.502552,
    22.390408
   ],
   [
    57.502469,
    22.39048
   ],
   [
    57.502385,
    22.390585
   ],
   [
    57.502299,
    22.390691
   ],
   [
    57.50218,
    22.390764
   ],
   [
    57.502042,
    22.390797
   ],
   [
    57.501899,
    22.390786
   ],
   [
    57.50181,
    22.390755
   ],
   [
    57.501731,
    22.390706
   ],
   [
    57.501651,
    22.390623
   ],
   [
    57.5016,
    22.390524
   ],
   [
    57.50158,
    22.390415
   ],
   [
    57.501593,
    22.390306
   ],
   [
    57.501627,
    22.390223
   ],
   [
    57.50168,
    22.39015
   ],
   [
    57.501752,
    22.390002
   ],
   [
    57.501797,
    22.389844
   ],
   [
    57.501814,
    22.389682
   ],
   [
    57.501801,
    22.38952
   ],
   [
    57.501801,
    22.389412
   ],
   [
    57.501828,
    22.389276
   ],
   [
    57.501861,
    22.389152
   ],
   [
    57.501927,
    22.389021
   ],
   [
    57.502001,
    22.388916
   ],
   [
    57.502081,
    22.388829
   ],
   [
    57.50216,
    22.388754
   ],
   [
    57.502261,
    22.388687
   ],
   [
    57.502419,
    22.388615
   ],
   [
    57.503428,
    22.388337
   ],
   [
    57.5036,
    22.388269
   ],
   [
    57.503776,
    22.38821
   ],
   [
    57.503956,
    22.38816
   ],
   [
    57.504138,
    22.38812
   ],
   [
    57.504451,
    22.388049
   ],
   [
    57.504796,
    22.387958
   ],
   [
    57.504982,
    22.387892
   ],
   [
    57.505084,
    22.387855
   ],
   [
    57.505387,
    22.387723
   ],
   [
    57.505679,
    22.387569
   ],
   [
    57.505924,
    22.387405
   ],
   [
    57.506169,
    22.387216
   ],
   [
    57.506393,
    22.387016
   ],
   [
    57.506601,
    22.386788
   ],
   [
    57.506789,
    22.38656
   ],
   [
    57.506957,
    22.386296
   ],
   [
    57.507466,
    22.385396
   ],
   [
    57.507828,
    22.384611
   ],
   [
    57.509329,
    22.381206
   ],
   [
    57.509691,
    22.379958
   ],
   [
    57.509931,
    22.378547
   ],
   [
    57.509992,
    22.377337
   ],
   [
    57.509988,
    22.374808
   ],
   [
    57.510079,
    22.373112
   ],
   [
    57.510169,
    22.37203
   ],
   [
    57.510281,
    22.371197
   ],
   [
    57.510728,
    22.368998
   ],
   [
    57.510915,
    22.3682
   ],
   [
    57.511374,
    22.366179
   ],
   [
    57.511544,
    22.365505
   ],
   [
    57.511979,
    22.363646
   ],
   [
    57.512242,
    22.362539
   ],
   [
    57.512339,
    22.362132
   ],
   [
    57.512677,
    22.360683
   ],
   [
    57.512823,
    22.36008
   ],
   [
    57.513187,
    22.358567
   ],
   [
    57.514857,
    22.351638
   ],
   [
    57.516609,
    22.34446
   ],
   [
    57.517038,
    22.342191
   ],
   [
    57.517363,
    22.339511
   ],
   [
    57.517526,
    22.336818
   ],
   [
    57.51754,
    22.334357
   ],
   [
    57.517348,
    22.331459
   ],
   [
    57.516964,
    22.3261
   ],
   [
    57.516846,
    22.322148
   ],
   [
    57.516947,
    22.317684
   ],
   [
    57.517009,
    22.316566
   ],
   [
    57.517052,
    22.315798
   ],
   [
    57.517291,
    22.312482
   ],
   [
    57.517367,
    22.310825
   ],
   [
    57.517414,
    22.309167
   ],
   [
    57.517394,
    22.307502
   ],
   [
    57.517374,
    22.306669
   ],
   [
    57.51733,
    22.305837
   ],
   [
    57.517275,
    22.305008
   ],
   [
    57.517205,
    22.304179
   ],
   [
    57.517118,
    22.30335
   ],
   [
    57.517021,
    22.302522
   ],
   [
    57.516952,
    22.301951
   ],
   [
    57.516867,
    22.301381
   ],
   [
    57.516777,
    22.300813
   ],
   [
    57.516676,
    22.300246
   ],
   [
    57.51553,
    22.294596
   ],
   [
    57.514954,
    22.290944
   ],
   [
    57.514584,
    22.28706
   ],
   [
    57.514422,
    22.282287
   ],
   [
    57.514382,
    22.280557
   ],
   [
    57.514204,
    22.274509
   ],
   [
    57.514439,
    22.27081
   ],
   [
    57.514705,
    22.268193
   ],
   [
    57.514885,
    22.266896
   ],
   [
    57.515227,
    22.264909
   ],
   [
    57.515666,
    22.262818
   ],
   [
    57.517267,
    22.256914
   ],
   [
    57.517653,
    22.255492
   ],
   [
    57.518008,
    22.254248
   ],
   [
    57.518346,
    22.253009
   ],
   [
    57.519499,
    22.248775
   ],
   [
    57.520937,
    22.243273
   ],
   [
    57.521688,
    22.238367
   ],
   [
    57.521988,
    22.234593
   ],
   [
    57.52277,
    22.201985
   ],
   [
    57.522797,
    22.200853
   ],
   [
    57.522777,
    22.193693
   ],
   [
    57.521854,
    22.178572
   ],
   [
    57.521692,
    22.176165
   ],
   [
    57.521597,
    22.175038
   ],
   [
    57.521365,
    22.171844
   ],
   [
    57.521178,
    22.169561
   ],
   [
    57.52062,
    22.162089
   ],
   [
    57.520545,
    22.158999
   ],
   [
    57.520638,
    22.155661
   ],
   [
    57.520932,
    22.152371
   ],
   [
    57.521507,
    22.148983
   ],
   [
    57.522092,
    22.146439
   ],
   [
    57.522411,
    22.145029
   ],
   [
    57.52303,
    22.142431
   ],
   [
    57.524009,
    22.138132
   ],
   [
    57.524698,
    22.135078
   ],
   [
    57.525007,
    22.13277
   ],
   [
    57.525197,
    22.130847
   ],
   [
    57.525237,
    22.126802
   ],
   [
    57.524929,
    22.124307
   ],
   [
    57.524575,
    22.121932
   ],
   [
    57.523481,
    22.117191
   ],
   [
    57.521389,
    22.107699
   ],
   [
    57.520638,
    22.104229
   ],
   [
    57.520406,
    22.103187
   ],
   [
    57.519706,
    22.100069
   ],
   [
    57.519193,
    22.097803
   ],
   [
    57.517069,
    22.088683
   ],
   [
    57.515777,
    22.081852
   ],
   [
    57.515054,
    22.077232
   ],
   [
    57.514892,
    22.076126
   ],
   [
    57.51445,
    22.07301
   ],
   [
    57.514121,
    22.070627
   ],
   [
    57.513583,
    22.066914
   ],
   [
    57.511978,
    22.05563
   ],
   [
    57.511595,
    22.052936
   ],
   [
    57.511155,
    22.04985
   ],
   [
    57.51047,
    22.045234
   ],
   [
    57.509598,
    22.041845
   ],
   [
    57.508709,
    22.039683
   ],
   [
    57.508057,
    22.038428
   ],
   [
    57.507331,
    22.037093
   ],
   [
    57.506588,
    22.035927
   ],
   [
    57.505506,
    22.034438
   ],
   [
    57.504092,
    22.032692
   ],
   [
    57.497714,
    22.024814
   ],
   [
    57.497241,
    22.02423
   ],
   [
    57.493188,
    22.019259
   ],
   [
    57.491163,
    22.016738
   ],
   [
    57.490041,
    22.015272
   ],
   [
    57.488936,
    22.013783
   ],
   [
    57.488273,
    22.01286
   ],
   [
    57.487448,
    22.011674
   ],
   [
    57.487143,
    22.011228
   ],
   [
    57.486512,
    22.010285
   ],
   [
    57.484299,
    22.006809
   ],
   [
    57.482698,
    22.004145
   ],
   [
    57.479932,
    21.999532
   ],
   [
    57.474362,
    21.990291
   ],
   [
    57.472311,
    21.986889
   ],
   [
    57.471136,
    21.98491
   ],
   [
    57.470611,
    21.983982
   ],
   [
    57.46928,
    21.981623
   ],
   [
    57.468644,
    21.980457
   ],
   [
    57.46695,
    21.977167
   ],
   [
    57.466262,
    21.975786
   ],
   [
    57.4657,
    21.974609
   ],
   [
    57.458708,
    21.959927
   ],
   [
    57.454045,
    21.950213
   ],
   [
    57.452267,
    21.946945
   ],
   [
    57.449155,
    21.941592
   ],
   [
    57.448401,
    21.940337
   ],
   [
    57.447035,
    21.938066
   ],
   [
    57.444746,
    21.93427
   ],
   [
    57.439348,
    21.925317
   ],
   [
    57.43865,
    21.924111
   ],
   [
    57.437972,
    21.922896
   ],
   [
    57.437317,
    21.921667
   ],
   [
    57.436677,
    21.920434
   ],
   [
    57.436061,
    21.919193
   ],
   [
    57.435464,
    21.917944
   ],
   [
    57.434893,
    21.91668
   ],
   [
    57.434342,
    21.915411
   ],
   [
    57.424557,
    21.891653
   ],
   [
    57.424076,
    21.890517
   ],
   [
    57.423725,
    21.889709
   ],
   [
    57.423166,
    21.888437
   ],
   [
    57.422207,
    21.88631
   ],
   [
    57.422164,
    21.886223
   ],
   [
    57.421222,
    21.884207
   ],
   [
    57.4203,
    21.882294
   ],
   [
    57.419573,
    21.880827
   ],
   [
    57.418451,
    21.878616
   ],
   [
    57.417102,
    21.875959
   ],
   [
    57.415206,
    21.872267
   ],
   [
    57.413245,
    21.868366
   ],
   [
    57.411078,
    21.864188
   ],
   [
    57.408883,
    21.859767
   ],
   [
    57.407174,
    21.856673
   ],
   [
    57.405848,
    21.854531
   ],
   [
    57.403643,
    21.851636
   ],
   [
    57.401066,
    21.848758
   ],
   [
    57.399515,
    21.847293
   ],
   [
    57.394957,
    21.843175
   ],
   [
    57.391604,
    21.840054
   ],
   [
    57.387803,
    21.836551
   ],
   [
    57.384197,
    21.833283
   ],
   [
    57.380247,
    21.830023
   ],
   [
    57.373597,
    21.825011
   ],
   [
    57.367021,
    21.820286
   ],
   [
    57.365693,
    21.819325
   ],
   [
    57.361537,
    21.816352
   ],
   [
    57.360323,
    21.815478
   ],
   [
    57.358093,
    21.813883
   ],
   [
    57.354377,
    21.81122
   ],
   [
    57.353474,
    21.810611
   ],
   [
    57.352395,
    21.809802
   ],
   [
    57.351219,
    21.808838
   ],
   [
    57.350545,
    21.808207
   ],
   [
    57.349641,
    21.807283
   ],
   [
    57.348641,
    21.806218
   ],
   [
    57.347747,
    21.805154
   ],
   [
    57.345893,
    21.802527
   ],
   [
    57.345007,
    21.800896
   ],
   [
    57.344446,
    21.799681
   ],
   [
    57.342901,
    21.795815
   ],
   [
    57.341341,
    21.791633
   ],
   [
    57.336578,
    21.779171
   ],
   [
    57.336043,
    21.777664
   ],
   [
    57.335172,
    21.774978
   ],
   [
    57.334436,
    21.771805
   ],
   [
    57.334007,
    21.769606
   ],
   [
    57.333704,
    21.767576
   ],
   [
    57.333451,
    21.765189
   ],
   [
    57.333347,
    21.763484
   ],
   [
    57.333202,
    21.761381
   ],
   [
    57.333166,
    21.76089
   ],
   [
    57.3331,
    21.75998
   ],
   [
    57.332806,
    21.756112
   ],
   [
    57.3328,
    21.756015
   ],
   [
    57.332516,
    21.751709
   ],
   [
    57.33242,
    21.750415
   ],
   [
    57.332251,
    21.748178
   ],
   [
    57.331781,
    21.743411
   ],
   [
    57.331266,
    21.739006
   ],
   [
    57.330743,
    21.736057
   ],
   [
    57.329911,
    21.73066
   ],
   [
    57.329775,
    21.72972
   ],
   [
    57.329372,
    21.727249
   ],
   [
    57.328935,
    21.724333
   ],
   [
    57.32853,
    21.721381
   ],
   [
    57.328241,
    21.719027
   ],
   [
    57.327961,
    21.71633
   ],
   [
    57.327759,
    21.714213
   ],
   [
    57.327738,
    21.713999
   ],
   [
    57.327449,
    21.710059
   ],
   [
    57.3273,
    21.708083
   ],
   [
    57.327205,
    21.706626
   ],
   [
    57.327013,
    21.70395
   ],
   [
    57.326745,
    21.699942
   ],
   [
    57.326695,
    21.699154
   ],
   [
    57.326557,
    21.697219
   ],
   [
    57.326269,
    21.693294
   ],
   [
    57.325601,
    21.683467
   ],
   [
    57.325513,
    21.682336
   ],
   [
    57.32543,
    21.681201
   ],
   [
    57.32533,
    21.680066
   ],
   [
    57.325194,
    21.678929
   ],
   [
    57.324999,
    21.677795
   ],
   [
    57.324753,
    21.676671
   ],
   [
    57.324454,
    21.675555
   ],
   [
    57.324127,
    21.674442
   ],
   [
    57.323768,
    21.673335
   ],
   [
    57.323412,
    21.672402
   ],
   [
    57.32302,
    21.671481
   ],
   [
    57.322819,
    21.671017
   ],
   [
    57.322611,
    21.67056
   ],
   [
    57.322388,
    21.670105
   ],
   [
    57.322156,
    21.66965
   ],
   [
    57.321428,
    21.668337
   ],
   [
    57.320836,
    21.667351
   ],
   [
    57.314517,
    21.656631
   ],
   [
    57.311563,
    21.651594
   ],
   [
    57.311159,
    21.650906
   ],
   [
    57.308216,
    21.645826
   ],
   [
    57.307731,
    21.644926
   ],
   [
    57.30657,
    21.642544
   ],
   [
    57.306298,
    21.641953
   ],
   [
    57.305276,
    21.639577
   ],
   [
    57.304984,
    21.638823
   ],
   [
    57.304471,
    21.637435
   ],
   [
    57.304296,
    21.636944
   ],
   [
    57.303988,
    21.636023
   ],
   [
    57.302892,
    21.632344
   ],
   [
    57.297882,
    21.614862
   ],
   [
    57.29733,
    21.612769
   ],
   [
    57.296124,
    21.606937
   ],
   [
    57.295639,
    21.602283
   ],
   [
    57.295282,
    21.597622
   ],
   [
    57.294581,
    21.587394
   ],
   [
    57.294524,
    21.586452
   ],
   [
    57.293811,
    21.576111
   ],
   [
    57.293717,
    21.574547
   ],
   [
    57.293649,
    21.573647
   ],
   [
    57.29357,
    21.572749
   ],
   [
    57.293516,
    21.572299
   ],
   [
    57.29345,
    21.57185
   ],
   [
    57.293125,
    21.569397
   ],
   [
    57.292631,
    21.56636
   ],
   [
    57.291994,
    21.563204
   ],
   [
    57.290406,
    21.557095
   ],
   [
    57.288765,
    21.550889
   ],
   [
    57.287204,
    21.544747
   ],
   [
    57.286581,
    21.541484
   ],
   [
    57.286189,
    21.538388
   ],
   [
    57.286027,
    21.536733
   ],
   [
    57.285931,
    21.535124
   ],
   [
    57.285856,
    21.531882
   ],
   [
    57.28584,
    21.530901
   ],
   [
    57.285748,
    21.526055
   ],
   [
    57.285721,
    21.524478
   ],
   [
    57.285683,
    21.521784
   ],
   [
    57.285605,
    21.51714
   ],
   [
    57.285465,
    21.51042
   ],
   [
    57.285361,
    21.507255
   ],
   [
    57.285149,
    21.503348
   ],
   [
    57.283508,
    21.48631
   ],
   [
    57.283006,
    21.481336
   ],
   [
    57.281804,
    21.469628
   ],
   [
    57.281373,
    21.466376
   ],
   [
    57.280822,
    21.462953
   ],
   [
    57.279882,
    21.458047
   ],
   [
    57.279297,
    21.455311
   ],
   [
    57.279121,
    21.454551
   ],
   [
    57.278968,
    21.453901
   ],
   [
    57.278106,
    21.450196
   ],
   [
    57.278083,
    21.450085
   ],
   [
    57.277202,
    21.445945
   ],
   [
    57.276921,
    21.444669
   ],
   [
    57.276427,
    21.442391
   ],
   [
    57.2756,
    21.438675
   ],
   [
    57.274759,
    21.434916
   ],
   [
    57.274116,
    21.432267
   ],
   [
    57.273362,
    21.429541
   ],
   [
    57.272882,
    21.427945
   ],
   [
    57.272187,
    21.425761
   ],
   [
    57.27102,
    21.422432
   ],
   [
    57.269533,
    21.418529
   ],
   [
    57.268689,
    21.416317
   ],
   [
    57.268117,
    21.414823
   ],
   [
    57.267894,
    21.414246
   ],
   [
    57.26732,
    21.412763
   ],
   [
    57.266629,
    21.410889
   ],
   [
    57.263878,
    21.40384
   ],
   [
    57.26328,
    21.402131
   ],
   [
    57.26109,
    21.395502
   ],
   [
    57.259291,
    21.389442
   ],
   [
    57.258838,
    21.387808
   ],
   [
    57.257374,
    21.382796
   ],
   [
    57.257318,
    21.382599
   ],
   [
    57.257256,
    21.38237
   ],
   [
    57.256484,
    21.379652
   ],
   [
    57.256295,
    21.379007
   ],
   [
    57.255889,
    21.377899
   ],
   [
    57.255851,
    21.377818
   ],
   [
    57.255796,
    21.377751
   ],
   [
    57.255716,
    21.37769
   ],
   [
    57.255615,
    21.377655
   ],
   [
    57.255496,
    21.377644
   ],
   [
    57.255336,
    21.377656
   ],
   [
    57.254992,
    21.377754
   ],
   [
    57.254327,
    21.377915
   ],
   [
    57.254127,
    21.377967
   ],
   [
    57.25396,
    21.378017
   ],
   [
    57.25402,
    21.378357
   ],
   [
    57.25388,
    21.378552
   ],
   [
    57.253962,
    21.378964
   ],
   [
    57.253863,
    21.378989
   ],
   [
    57.253962,
    21.378964
   ],
   [
    57.25388,
    21.378552
   ],
   [
    57.25402,
    21.378357
   ],
   [
    57.25396,
    21.378017
   ],
   [
    57.254127,
    21.377967
   ],
   [
    57.254327,
    21.377915
   ],
   [
    57.254992,
    21.377754
   ],
   [
    57.255336,
    21.377656
   ],
   [
    57.255482,
    21.37759
   ],
   [
    57.255572,
    21.377522
   ],
   [
    57.255631,
    21.377438
   ],
   [
    57.255657,
    21.377361
   ],
   [
    57.255661,
    21.377267
   ],
   [
    57.255643,
    21.377172
   ],
   [
    57.255562,
    21.376856
   ],
   [
    57.255362,
    21.3759
   ],
   [
    57.254684,
    21.373521
   ],
   [
    57.252986,
    21.367669
   ],
   [
    57.252618,
    21.366486
   ],
   [
    57.251979,
    21.364545
   ],
   [
    57.251794,
    21.363994
   ],
   [
    57.251451,
    21.363003
   ],
   [
    57.250995,
    21.361717
   ],
   [
    57.250516,
    21.360436
   ],
   [
    57.249531,
    21.357883
   ],
   [
    57.24901,
    21.35661
   ],
   [
    57.248475,
    21.355341
   ],
   [
    57.247392,
    21.352814
   ],
   [
    57.246703,
    21.35122
   ],
   [
    57.245798,
    21.349195
   ],
   [
    57.244968,
    21.347298
   ],
   [
    57.242615,
    21.34177
   ],
   [
    57.240517,
    21.336817
   ],
   [
    57.238612,
    21.331693
   ],
   [
    57.236513,
    21.325737
   ],
   [
    57.235068,
    21.321471
   ],
   [
    57.23405,
    21.31842
   ],
   [
    57.229192,
    21.304276
   ],
   [
    57.227129,
    21.299279
   ],
   [
    57.226293,
    21.29746
   ],
   [
    57.225348,
    21.295537
   ],
   [
    57.224295,
    21.293535
   ],
   [
    57.223836,
    21.292615
   ],
   [
    57.223575,
    21.292166
   ],
   [
    57.223012,
    21.291079
   ],
   [
    57.221538,
    21.288344
   ],
   [
    57.220527,
    21.286478
   ],
   [
    57.219156,
    21.283909
   ],
   [
    57.214035,
    21.27448
   ],
   [
    57.209333,
    21.265823
   ],
   [
    57.208179,
    21.263916
   ],
   [
    57.203922,
    21.257469
   ],
   [
    57.200265,
    21.252054
   ],
   [
    57.194239,
    21.243123
   ],
   [
    57.19305,
    21.24121
   ],
   [
    57.191882,
    21.23917
   ],
   [
    57.190608,
    21.236762
   ],
   [
    57.189576,
    21.234561
   ],
   [
    57.188079,
    21.231074
   ],
   [
    57.185626,
    21.224904
   ],
   [
    57.184342,
    21.221675
   ],
   [
    57.184151,
    21.221197
   ],
   [
    57.181267,
    21.213978
   ],
   [
    57.180592,
    21.212046
   ],
   [
    57.180207,
    21.210765
   ],
   [
    57.179978,
    21.209972
   ],
   [
    57.179346,
    21.207389
   ],
   [
    57.178552,
    21.203058
   ],
   [
    57.177855,
    21.196935
   ],
   [
    57.176525,
    21.185612
   ],
   [
    57.176454,
    21.18495
   ],
   [
    57.176367,
    21.184161
   ],
   [
    57.175852,
    21.179984
   ],
   [
    57.175808,
    21.179556
   ],
   [
    57.175798,
    21.179452
   ],
   [
    57.175747,
    21.178968
   ],
   [
    57.175712,
    21.178528
   ],
   [
    57.175689,
    21.178049
   ],
   [
    57.175657,
    21.177261
   ],
   [
    57.175648,
    21.176563
   ],
   [
    57.175664,
    21.175135
   ],
   [
    57.175686,
    21.174601
   ],
   [
    57.175718,
    21.174068
   ],
   [
    57.175834,
    21.17269
   ],
   [
    57.175974,
    21.171442
   ],
   [
    57.17627,
    21.169829
   ],
   [
    57.176707,
    21.16778
   ],
   [
    57.179684,
    21.157522
   ],
   [
    57.180016,
    21.156417
   ],
   [
    57.180881,
    21.153469
   ],
   [
    57.181611,
    21.15103
   ],
   [
    57.183065,
    21.146081
   ],
   [
    57.184866,
    21.139941
   ],
   [
    57.185464,
    21.137434
   ],
   [
    57.18594,
    21.134734
   ],
   [
    57.186227,
    21.132137
   ],
   [
    57.18633,
    21.130003
   ],
   [
    57.186341,
    21.128363
   ],
   [
    57.186133,
    21.122942
   ],
   [
    57.185886,
    21.117168
   ],
   [
    57.18565,
    21.111807
   ],
   [
    57.185335,
    21.104192
   ],
   [
    57.185341,
    21.098202
   ],
   [
    57.185471,
    21.094731
   ],
   [
    57.185698,
    21.091654
   ],
   [
    57.186021,
    21.08727
   ],
   [
    57.186431,
    21.0817
   ],
   [
    57.187319,
    21.069822
   ],
   [
    57.187448,
    21.067252
   ],
   [
    57.187469,
    21.064602
   ],
   [
    57.187382,
    21.061005
   ],
   [
    57.187341,
    21.060276
   ],
   [
    57.187299,
    21.059592
   ],
   [
    57.187233,
    21.058816
   ],
   [
    57.187161,
    21.057985
   ],
   [
    57.187085,
    21.057154
   ],
   [
    57.186836,
    21.054845
   ],
   [
    57.186787,
    21.054367
   ],
   [
    57.18678,
    21.054268
   ],
   [
    57.186342,
    21.04956
   ],
   [
    57.186176,
    21.047933
   ],
   [
    57.186105,
    21.047077
   ],
   [
    57.18599,
    21.045846
   ],
   [
    57.184614,
    21.031545
   ],
   [
    57.184235,
    21.024593
   ],
   [
    57.184096,
    21.012557
   ],
   [
    57.183954,
    21.000306
   ],
   [
    57.183886,
    20.993292
   ],
   [
    57.18359,
    20.987949
   ],
   [
    57.183294,
    20.984567
   ],
   [
    57.182892,
    20.98111
   ],
   [
    57.182292,
    20.975825
   ],
   [
    57.181832,
    20.971831
   ],
   [
    57.180266,
    20.95837
   ],
   [
    57.179455,
    20.952034
   ],
   [
    57.178526,
    20.946537
   ],
   [
    57.176558,
    20.936603
   ],
   [
    57.174648,
    20.927102
   ],
   [
    57.174516,
    20.926485
   ],
   [
    57.172388,
    20.915999
   ],
   [
    57.172258,
    20.915249
   ],
   [
    57.171411,
    20.911695
   ],
   [
    57.170257,
    20.907882
   ],
   [
    57.168885,
    20.904222
   ],
   [
    57.167455,
    20.900693
   ],
   [
    57.165086,
    20.894985
   ],
   [
    57.164818,
    20.894309
   ],
   [
    57.159798,
    20.882068
   ],
   [
    57.158903,
    20.879946
   ],
   [
    57.157505,
    20.876654
   ],
   [
    57.154619,
    20.870637
   ],
   [
    57.150269,
    20.862458
   ],
   [
    57.148851,
    20.860246
   ],
   [
    57.147671,
    20.858561
   ],
   [
    57.145429,
    20.855734
   ],
   [
    57.142725,
    20.852185
   ],
   [
    57.14088,
    20.849819
   ],
   [
    57.138552,
    20.846831
   ],
   [
    57.135505,
    20.84291
   ],
   [
    57.133809,
    20.840444
   ],
   [
    57.132146,
    20.837706
   ],
   [
    57.130033,
    20.833375
   ],
   [
    57.129386,
    20.831551
   ],
   [
    57.129046,
    20.830553
   ],
   [
    57.128513,
    20.829081
   ],
   [
    57.128336,
    20.828423
   ],
   [
    57.128045,
    20.827304
   ],
   [
    57.127815,
    20.826307
   ],
   [
    57.127754,
    20.826055
   ],
   [
    57.127697,
    20.825802
   ],
   [
    57.1276,
    20.825297
   ],
   [
    57.12741,
    20.824286
   ],
   [
    57.127312,
    20.82375
   ],
   [
    57.127226,
    20.823213
   ],
   [
    57.127143,
    20.822673
   ],
   [
    57.127065,
    20.822135
   ],
   [
    57.126038,
    20.814946
   ],
   [
    57.125838,
    20.813619
   ],
   [
    57.125456,
    20.810986
   ],
   [
    57.12483,
    20.806654
   ],
   [
    57.124709,
    20.805831
   ],
   [
    57.124574,
    20.805011
   ],
   [
    57.124424,
    20.804191
   ],
   [
    57.12426,
    20.803378
   ],
   [
    57.124082,
    20.802569
   ],
   [
    57.123891,
    20.801761
   ],
   [
    57.123677,
    20.800957
   ],
   [
    57.123451,
    20.800157
   ],
   [
    57.1232,
    20.799356
   ],
   [
    57.122938,
    20.798559
   ],
   [
    57.122663,
    20.797765
   ],
   [
    57.122371,
    20.796976
   ],
   [
    57.122063,
    20.796196
   ],
   [
    57.12174,
    20.795421
   ],
   [
    57.121404,
    20.794646
   ],
   [
    57.121052,
    20.793883
   ],
   [
    57.120542,
    20.792814
   ],
   [
    57.120171,
    20.792095
   ],
   [
    57.119784,
    20.791379
   ],
   [
    57.119383,
    20.790672
   ],
   [
    57.118967,
    20.789972
   ],
   [
    57.118708,
    20.789539
   ],
   [
    57.118439,
    20.78911
   ],
   [
    57.117884,
    20.78826
   ],
   [
    57.115839,
    20.785075
   ],
   [
    57.114639,
    20.78324
   ],
   [
    57.11166,
    20.77844
   ],
   [
    57.109303,
    20.774514
   ],
   [
    57.10658,
    20.769468
   ],
   [
    57.104352,
    20.765573
   ],
   [
    57.103986,
    20.764896
   ],
   [
    57.103558,
    20.764097
   ],
   [
    57.101439,
    20.760228
   ],
   [
    57.101389,
    20.760132
   ],
   [
    57.099135,
    20.755856
   ],
   [
    57.098284,
    20.754325
   ],
   [
    57.097791,
    20.753478
   ],
   [
    57.09729,
    20.75264
   ],
   [
    57.096006,
    20.750493
   ],
   [
    57.094236,
    20.747659
   ],
   [
    57.083074,
    20.732277
   ],
   [
    57.068861,
    20.712772
   ],
   [
    57.065109,
    20.70808
   ],
   [
    57.061074,
    20.703339
   ],
   [
    57.052993,
    20.694
   ],
   [
    57.045103,
    20.684921
   ],
   [
    57.042991,
    20.682378
   ],
   [
    57.040921,
    20.679761
   ],
   [
    57.039755,
    20.678081
   ],
   [
    57.038673,
    20.676378
   ],
   [
    57.035949,
    20.671449
   ],
   [
    57.035299,
    20.670167
   ],
   [
    57.034217,
    20.66805
   ],
   [
    57.032095,
    20.66389
   ],
   [
    57.029831,
    20.65938
   ],
   [
    57.026294,
    20.652347
   ],
   [
    57.024552,
    20.648859
   ],
   [
    57.023065,
    20.645528
   ],
   [
    57.022801,
    20.644896
   ],
   [
    57.022455,
    20.644062
   ],
   [
    57.022043,
    20.643042
   ],
   [
    57.021646,
    20.642017
   ],
   [
    57.020878,
    20.639962
   ],
   [
    57.020847,
    20.639875
   ],
   [
    57.020466,
    20.638792
   ],
   [
    57.020093,
    20.637709
   ],
   [
    57.019295,
    20.635299
   ],
   [
    57.018784,
    20.633812
   ],
   [
    57.018105,
    20.631795
   ],
   [
    57.015543,
    20.624137
   ],
   [
    57.013372,
    20.61793
   ],
   [
    57.012619,
    20.61583
   ],
   [
    57.011742,
    20.613502
   ],
   [
    57.011257,
    20.612359
   ],
   [
    57.009529,
    20.608841
   ],
   [
    57.008204,
    20.606485
   ],
   [
    57.007259,
    20.604954
   ],
   [
    57.006616,
    20.60395
   ],
   [
    57.005709,
    20.602638
   ],
   [
    57.004789,
    20.601335
   ],
   [
    57.003602,
    20.599665
   ],
   [
    56.998731,
    20.592626
   ],
   [
    56.997717,
    20.591312
   ],
   [
    56.996765,
    20.590227
   ],
   [
    56.995782,
    20.589262
   ],
   [
    56.994419,
    20.588018
   ],
   [
    56.993025,
    20.586924
   ],
   [
    56.990701,
    20.585389
   ],
   [
    56.988137,
    20.584095
   ],
   [
    56.985653,
    20.583063
   ],
   [
    56.982189,
    20.581625
   ],
   [
    56.98161,
    20.581384
   ],
   [
    56.963235,
    20.573741
   ],
   [
    56.958157,
    20.571604
   ],
   [
    56.956867,
    20.57099
   ],
   [
    56.955596,
    20.570318
   ],
   [
    56.95417,
    20.569413
   ],
   [
    56.952534,
    20.568309
   ],
   [
    56.949509,
    20.565793
   ],
   [
    56.943458,
    20.56068
   ],
   [
    56.940599,
    20.558256
   ],
   [
    56.931367,
    20.55046
   ],
   [
    56.928229,
    20.548055
   ],
   [
    56.927619,
    20.547608
   ],
   [
    56.926919,
    20.547104
   ],
   [
    56.92597,
    20.546469
   ],
   [
    56.925005,
    20.545845
   ],
   [
    56.924028,
    20.545243
   ],
   [
    56.923044,
    20.544649
   ],
   [
    56.922965,
    20.5446
   ],
   [
    56.918835,
    20.542233
   ],
   [
    56.917205,
    20.541298
   ],
   [
    56.915278,
    20.540201
   ],
   [
    56.897616,
    20.530165
   ],
   [
    56.895818,
    20.529143
   ],
   [
    56.895488,
    20.528953
   ],
   [
    56.891343,
    20.526574
   ],
   [
    56.885879,
    20.523395
   ],
   [
    56.883282,
    20.521727
   ],
   [
    56.881548,
    20.520546
   ],
   [
    56.880019,
    20.519477
   ],
   [
    56.878794,
    20.518547
   ],
   [
    56.861225,
    20.505443
   ],
   [
    56.848945,
    20.496227
   ],
   [
    56.845899,
    20.494159
   ],
   [
    56.842015,
    20.491767
   ],
   [
    56.832836,
    20.486847
   ],
   [
    56.826199,
    20.483333
   ],
   [
    56.825002,
    20.482711
   ],
   [
    56.822473,
    20.481338
   ],
   [
    56.818462,
    20.479208
   ],
   [
    56.817639,
    20.478773
   ],
   [
    56.813745,
    20.476906
   ],
   [
    56.809572,
    20.475287
   ],
   [
    56.80466,
    20.47373
   ],
   [
    56.797137,
    20.47132
   ],
   [
    56.787684,
    20.468287
   ],
   [
    56.786213,
    20.467781
   ],
   [
    56.78447,
    20.467039
   ],
   [
    56.782288,
    20.465942
   ],
   [
    56.780218,
    20.464632
   ],
   [
    56.778845,
    20.46363
   ],
   [
    56.774326,
    20.459767
   ],
   [
    56.77376,
    20.459291
   ],
   [
    56.773146,
    20.458781
   ],
   [
    56.769622,
    20.455799
   ],
   [
    56.769548,
    20.455736
   ],
   [
    56.765846,
    20.452533
   ],
   [
    56.764631,
    20.451494
   ],
   [
    56.762912,
    20.450032
   ],
   [
    56.760468,
    20.447942
   ],
   [
    56.754873,
    20.443173
   ],
   [
    56.75322,
    20.441773
   ],
   [
    56.751868,
    20.440612
   ],
   [
    56.750985,
    20.439828
   ],
   [
    56.750605,
    20.439503
   ],
   [
    56.748082,
    20.437217
   ],
   [
    56.745745,
    20.435005
   ],
   [
    56.740457,
    20.429739
   ],
   [
    56.732618,
    20.421965
   ],
   [
    56.726413,
    20.415811
   ],
   [
    56.721995,
    20.411962
   ],
   [
    56.717509,
    20.408564
   ],
   [
    56.70788,
    20.401499
   ],
   [
    56.69463,
    20.391764
   ],
   [
    56.689943,
    20.38816
   ],
   [
    56.687898,
    20.386523
   ],
   [
    56.686625,
    20.385492
   ],
   [
    56.685357,
    20.384441
   ],
   [
    56.684118,
    20.383399
   ],
   [
    56.6822,
    20.381732
   ],
   [
    56.68016,
    20.380005
   ],
   [
    56.67829,
    20.378467
   ],
   [
    56.664014,
    20.366427
   ],
   [
    56.656869,
    20.360405
   ],
   [
    56.649317,
    20.353979
   ],
   [
    56.642477,
    20.348587
   ],
   [
    56.626757,
    20.336898
   ],
   [
    56.625703,
    20.336119
   ],
   [
    56.614522,
    20.327726
   ],
   [
    56.613348,
    20.326897
   ],
   [
    56.612345,
    20.326137
   ],
   [
    56.609882,
    20.324283
   ],
   [
    56.609224,
    20.323795
   ],
   [
    56.608571,
    20.323281
   ],
   [
    56.607934,
    20.32274
   ],
   [
    56.60732,
    20.322178
   ],
   [
    56.606722,
    20.321601
   ],
   [
    56.606161,
    20.321004
   ],
   [
    56.605622,
    20.320386
   ],
   [
    56.605102,
    20.319747
   ],
   [
    56.604605,
    20.319093
   ],
   [
    56.604139,
    20.318433
   ],
   [
    56.603694,
    20.317757
   ],
   [
    56.603273,
    20.317064
   ],
   [
    56.602884,
    20.316359
   ],
   [
    56.602527,
    20.315644
   ],
   [
    56.602196,
    20.314914
   ],
   [
    56.601894,
    20.314179
   ],
   [
    56.60162,
    20.31343
   ],
   [
    56.590442,
    20.279966
   ],
   [
    56.584619,
    20.262468
   ],
   [
    56.584353,
    20.261697
   ],
   [
    56.584076,
    20.260926
   ],
   [
    56.583786,
    20.260159
   ],
   [
    56.583484,
    20.259396
   ],
   [
    56.583212,
    20.258719
   ],
   [
    56.582852,
    20.257883
   ],
   [
    56.58252,
    20.257132
   ],
   [
    56.58217,
    20.256387
   ],
   [
    56.581813,
    20.25565
   ],
   [
    56.581444,
    20.254915
   ],
   [
    56.581059,
    20.254189
   ],
   [
    56.580669,
    20.253465
   ],
   [
    56.58027,
    20.252745
   ],
   [
    56.579859,
    20.252031
   ],
   [
    56.57943,
    20.251325
   ],
   [
    56.578989,
    20.25063
   ],
   [
    56.576809,
    20.247331
   ],
   [
    56.574329,
    20.24358
   ],
   [
    56.573988,
    20.243064
   ],
   [
    56.572163,
    20.240255
   ],
   [
    56.571133,
    20.238659
   ],
   [
    56.570625,
    20.237897
   ],
   [
    56.568995,
    20.235417
   ],
   [
    56.551298,
    20.20858
   ],
   [
    56.546938,
    20.202575
   ],
   [
    56.544307,
    20.199083
   ],
   [
    56.541804,
    20.195933
   ],
   [
    56.539507,
    20.192899
   ],
   [
    56.538918,
    20.192122
   ],
   [
    56.537796,
    20.190672
   ],
   [
    56.536171,
    20.188538
   ],
   [
    56.522392,
    20.170574
   ],
   [
    56.521698,
    20.16965
   ],
   [
    56.52101,
    20.168724
   ],
   [
    56.518377,
    20.165243
   ],
   [
    56.517405,
    20.163973
   ],
   [
    56.517088,
    20.163559
   ],
   [
    56.515463,
    20.161439
   ],
   [
    56.511512,
    20.155996
   ],
   [
    56.50549,
    20.146989
   ],
   [
    56.481247,
    20.110764
   ],
   [
    56.479506,
    20.10843
   ],
   [
    56.477373,
    20.105968
   ],
   [
    56.475116,
    20.103603
   ],
   [
    56.468206,
    20.097815
   ],
   [
    56.467096,
    20.096885
   ],
   [
    56.465604,
    20.095635
   ],
   [
    56.460734,
    20.091556
   ],
   [
    56.44921,
    20.081921
   ],
   [
    56.444482,
    20.077958
   ],
   [
    56.441398,
    20.075374
   ],
   [
    56.434881,
    20.069973
   ],
   [
    56.428737,
    20.065217
   ],
   [
    56.419688,
    20.058558
   ],
   [
    56.409033,
    20.050709
   ],
   [
    56.398481,
    20.042758
   ],
   [
    56.396371,
    20.041037
   ],
   [
    56.395118,
    20.039999
   ],
   [
    56.39391,
    20.038974
   ],
   [
    56.392634,
    20.037917
   ],
   [
    56.37839,
    20.025939
   ],
   [
    56.375906,
    20.023852
   ],
   [
    56.368908,
    20.018108
   ],
   [
    56.366368,
    20.016176
   ],
   [
    56.364373,
    20.014776
   ],
   [
    56.362193,
    20.013334
   ],
   [
    56.351899,
    20.006674
   ],
   [
    56.34142,
    19.999942
   ],
   [
    56.338561,
    19.998078
   ],
   [
    56.331043,
    19.993145
   ],
   [
    56.330468,
    19.99278
   ],
   [
    56.330423,
    19.992767
   ],
   [
    56.330379,
    19.992749
   ],
   [
    56.330338,
    19.992727
   ],
   [
    56.330299,
    19.992701
   ],
   [
    56.329479,
    19.992167
   ],
   [
    56.328604,
    19.991597
   ],
   [
    56.328379,
    19.991452
   ],
   [
    56.328302,
    19.991402
   ],
   [
    56.328041,
    19.991232
   ],
   [
    56.327591,
    19.990957
   ],
   [
    56.326924,
    19.990519
   ],
   [
    56.326262,
    19.990075
   ],
   [
    56.325767,
    19.989731
   ],
   [
    56.325715,
    19.989676
   ],
   [
    56.325695,
    19.989644
   ],
   [
    56.322991,
    19.987789
   ],
   [
    56.316679,
    19.983213
   ],
   [
    56.313363,
    19.980734
   ],
   [
    56.308052,
    19.976827
   ],
   [
    56.305476,
    19.974901
   ],
   [
    56.301389,
    19.971915
   ],
   [
    56.299553,
    19.970525
   ],
   [
    56.299176,
    19.97025
   ],
   [
    56.297327,
    19.968908
   ],
   [
    56.296578,
    19.968364
   ],
   [
    56.295426,
    19.967547
   ],
   [
    56.295173,
    19.967393
   ],
   [
    56.29397,
    19.966658
   ],
   [
    56.292679,
    19.966003
   ],
   [
    56.291692,
    19.965524
   ],
   [
    56.291437,
    19.965397
   ],
   [
    56.291194,
    19.965284
   ],
   [
    56.290693,
    19.965053
   ],
   [
    56.289439,
    19.964516
   ],
   [
    56.288392,
    19.964091
   ],
   [
    56.287327,
    19.963725
   ],
   [
    56.287363,
    19.963635
   ],
   [
    56.287475,
    19.963327
   ],
   [
    56.287507,
    19.96321
   ],
   [
    56.287516,
    19.963142
   ],
   [
    56.28752,
    19.963081
   ],
   [
    56.287514,
    19.963017
   ],
   [
    56.287487,
    19.962933
   ],
   [
    56.287437,
    19.962855
   ],
   [
    56.287372,
    19.962803
   ],
   [
    56.287057,
    19.962646
   ],
   [
    56.286717,
    19.962495
   ],
   [
    56.286706,
    19.962491
   ],
   [
    56.286016,
    19.962186
   ],
   [
    56.285457,
    19.961966
   ],
   [
    56.283697,
    19.961273
   ],
   [
    56.283089,
    19.961058
   ],
   [
    56.282526,
    19.960867
   ],
   [
    56.281845,
    19.960636
   ],
   [
    56.280463,
    19.960158
   ],
   [
    56.27923,
    19.959752
   ],
   [
    56.278437,
    19.959485
   ],
   [
    56.276985,
    19.958994
   ],
   [
    56.276089,
    19.958685
   ],
   [
    56.275515,
    19.958493
   ],
   [
    56.275481,
    19.95848
   ],
   [
    56.27545,
    19.95846
   ],
   [
    56.275424,
    19.958435
   ],
   [
    56.275403,
    19.958404
   ],
   [
    56.275389,
    19.958369
   ],
   [
    56.275383,
    19.958333
   ],
   [
    56.275573,
    19.957861
   ],
   [
    56.275771,
    19.957448
   ],
   [
    56.275916,
    19.957205
   ],
   [
    56.276187,
    19.956883
   ],
   [
    56.276051,
    19.95669
   ],
   [
    56.276187,
    19.956883
   ],
   [
    56.275916,
    19.957205
   ],
   [
    56.275771,
    19.957448
   ],
   [
    56.275573,
    19.957861
   ],
   [
    56.275383,
    19.958333
   ],
   [
    56.275389,
    19.958369
   ],
   [
    56.275403,
    19.958404
   ],
   [
    56.275424,
    19.958435
   ],
   [
    56.27545,
    19.95846
   ],
   [
    56.275481,
    19.95848
   ],
   [
    56.275515,
    19.958493
   ],
   [
    56.276089,
    19.958685
   ],
   [
    56.276985,
    19.958994
   ],
   [
    56.278437,
    19.959485
   ],
   [
    56.27923,
    19.959752
   ],
   [
    56.280463,
    19.960158
   ],
   [
    56.281845,
    19.960636
   ],
   [
    56.282526,
    19.960867
   ],
   [
    56.283089,
    19.961058
   ],
   [
    56.283697,
    19.961273
   ],
   [
    56.285457,
    19.961966
   ],
   [
    56.286016,
    19.962186
   ],
   [
    56.286706,
    19.962491
   ],
   [
    56.286717,
    19.962495
   ],
   [
    56.287057,
    19.962646
   ],
   [
    56.287372,
    19.962803
   ],
   [
    56.287437,
    19.962855
   ],
   [
    56.287487,
    19.962933
   ],
   [
    56.287514,
    19.963017
   ],
   [
    56.28752,
    19.963081
   ],
   [
    56.287516,
    19.963142
   ],
   [
    56.287507,
    19.96321
   ],
   [
    56.287475,
    19.963327
   ],
   [
    56.287363,
    19.963635
   ],
   [
    56.287327,
    19.963725
   ],
   [
    56.286231,
    19.963353
   ],
   [
    56.285149,
    19.962951
   ],
   [
    56.280947,
    19.96151
   ],
   [
    56.280143,
    19.961259
   ],
   [
    56.278847,
    19.960793
   ],
   [
    56.278396,
    19.960624
   ],
   [
    56.278062,
    19.960494
   ],
   [
    56.27722,
    19.960178
   ],
   [
    56.276382,
    19.959977
   ],
   [
    56.276141,
    19.959895
   ],
   [
    56.275886,
    19.959792
   ],
   [
    56.27523,
    19.959512
   ],
   [
    56.274555,
    19.959223
   ],
   [
    56.274176,
    19.959043
   ],
   [
    56.273811,
    19.958844
   ],
   [
    56.272825,
    19.958282
   ],
   [
    56.272265,
    19.957996
   ],
   [
    56.271615,
    19.957692
   ],
   [
    56.263445,
    19.953794
   ],
   [
    56.250995,
    19.947878
   ],
   [
    56.247547,
    19.946224
   ],
   [
    56.246396,
    19.945671
   ],
   [
    56.239923,
    19.942636
   ],
   [
    56.231302,
    19.938501
   ],
   [
    56.227765,
    19.936811
   ],
   [
    56.22441,
    19.935175
   ],
   [
    56.222698,
    19.934301
   ],
   [
    56.219877,
    19.93279
   ],
   [
    56.217391,
    19.931412
   ],
   [
    56.21634,
    19.930856
   ],
   [
    56.214278,
    19.929653
   ],
   [
    56.213984,
    19.929481
   ],
   [
    56.21282,
    19.928802
   ],
   [
    56.212005,
    19.928326
   ],
   [
    56.211741,
    19.928173
   ],
   [
    56.210447,
    19.927369
   ],
   [
    56.201844,
    19.922317
   ],
   [
    56.195718,
    19.9187
   ],
   [
    56.195431,
    19.91853
   ],
   [
    56.194819,
    19.918167
   ],
   [
    56.193822,
    19.917459
   ],
   [
    56.192976,
    19.916788
   ],
   [
    56.192036,
    19.915941
   ],
   [
    56.191273,
    19.915156
   ],
   [
    56.190536,
    19.914251
   ],
   [
    56.189975,
    19.91354
   ],
   [
    56.189207,
    19.912389
   ],
   [
    56.188671,
    19.911452
   ],
   [
    56.188232,
    19.910648
   ],
   [
    56.187839,
    19.909725
   ],
   [
    56.18616,
    19.905195
   ],
   [
    56.185882,
    19.904448
   ],
   [
    56.185401,
    19.903155
   ],
   [
    56.183693,
    19.898564
   ],
   [
    56.183331,
    19.897591
   ],
   [
    56.181599,
    19.892933
   ],
   [
    56.181192,
    19.891935
   ],
   [
    56.181151,
    19.891886
   ],
   [
    56.181119,
    19.891832
   ],
   [
    56.181095,
    19.891774
   ],
   [
    56.180472,
    19.89022
   ],
   [
    56.179686,
    19.888147
   ],
   [
    56.179565,
    19.887828
   ],
   [
    56.178735,
    19.885636
   ],
   [
    56.178488,
    19.884941
   ],
   [
    56.177946,
    19.883428
   ],
   [
    56.17791,
    19.883332
   ],
   [
    56.177891,
    19.883232
   ],
   [
    56.177889,
    19.88313
   ],
   [
    56.175396,
    19.876368
   ],
   [
    56.174551,
    19.874162
   ],
   [
    56.173289,
    19.870864
   ],
   [
    56.172297,
    19.868244
   ],
   [
    56.170145,
    19.863261
   ],
   [
    56.164763,
    19.852115
   ],
   [
    56.163679,
    19.849869
   ],
   [
    56.163209,
    19.848876
   ],
   [
    56.162928,
    19.848393
   ],
   [
    56.162301,
    19.847135
   ],
   [
    56.162205,
    19.846944
   ],
   [
    56.162184,
    19.8469
   ],
   [
    56.162171,
    19.846874
   ],
   [
    56.162051,
    19.846629
   ],
   [
    56.161454,
    19.845405
   ],
   [
    56.16084,
    19.844175
   ],
   [
    56.160674,
    19.843665
   ],
   [
    56.157535,
    19.837221
   ],
   [
    56.157263,
    19.836803
   ],
   [
    56.156461,
    19.835119
   ],
   [
    56.156001,
    19.834219
   ],
   [
    56.155381,
    19.832972
   ],
   [
    56.155132,
    19.832445
   ],
   [
    56.153902,
    19.830265
   ],
   [
    56.152369,
    19.827802
   ],
   [
    56.150925,
    19.825799
   ],
   [
    56.149341,
    19.823742
   ],
   [
    56.140979,
    19.813511
   ],
   [
    56.132423,
    19.802975
   ],
   [
    56.12811,
    19.797748
   ],
   [
    56.123777,
    19.792412
   ],
   [
    56.121175,
    19.789202
   ],
   [
    56.120474,
    19.788253
   ],
   [
    56.118745,
    19.786157
   ],
   [
    56.116928,
    19.783706
   ],
   [
    56.115664,
    19.781919
   ],
   [
    56.114421,
    19.780016
   ],
   [
    56.113085,
    19.777851
   ],
   [
    56.111952,
    19.775947
   ],
   [
    56.110808,
    19.773906
   ],
   [
    56.108943,
    19.770786
   ],
   [
    56.105589,
    19.764877
   ],
   [
    56.101936,
    19.758561
   ],
   [
    56.096321,
    19.748823
   ],
   [
    56.0956,
    19.747661
   ],
   [
    56.094632,
    19.746264
   ],
   [
    56.093568,
    19.744907
   ],
   [
    56.092239,
    19.743468
   ],
   [
    56.091234,
    19.742497
   ],
   [
    56.089825,
    19.741284
   ],
   [
    56.088778,
    19.740487
   ],
   [
    56.087663,
    19.739703
   ],
   [
    56.079756,
    19.734902
   ],
   [
    56.073205,
    19.730923
   ],
   [
    56.067398,
    19.727396
   ],
   [
    56.060507,
    19.723267
   ],
   [
    56.053972,
    19.719297
   ],
   [
    56.052384,
    19.718307
   ],
   [
    56.049693,
    19.716703
   ],
   [
    56.048374,
    19.715986
   ],
   [
    56.046925,
    19.715347
   ],
   [
    56.046077,
    19.71497
   ],
   [
    56.044857,
    19.714511
   ],
   [
    56.043325,
    19.714026
   ],
   [
    56.041549,
    19.71357
   ],
   [
    56.039897,
    19.713258
   ],
   [
    56.038075,
    19.713011
   ],
   [
    56.033303,
    19.712708
   ],
   [
    56.017614,
    19.711717
   ],
   [
    56.005877,
    19.710945
   ],
   [
    56.003456,
    19.71073
   ],
   [
    55.999993,
    19.710194
   ],
   [
    55.997747,
    19.709768
   ],
   [
    55.994785,
    19.709017
   ],
   [
    55.991263,
    19.707959
   ],
   [
    55.971965,
    19.70199
   ],
   [
    55.96907,
    19.701096
   ],
   [
    55.955028,
    19.69676
   ],
   [
    55.944212,
    19.693421
   ],
   [
    55.940809,
    19.692452
   ],
   [
    55.937414,
    19.691551
   ],
   [
    55.912786,
    19.685481
   ],
   [
    55.900611,
    19.6825
   ],
   [
    55.898689,
    19.68203
   ],
   [
    55.895805,
    19.681248
   ],
   [
    55.893674,
    19.68061
   ],
   [
    55.891454,
    19.679862
   ],
   [
    55.88881,
    19.67884
   ],
   [
    55.886466,
    19.67784
   ],
   [
    55.86938,
    19.670191
   ],
   [
    55.848363,
    19.660782
   ],
   [
    55.844999,
    19.659273
   ],
   [
    55.841403,
    19.657547
   ],
   [
    55.836241,
    19.654869
   ],
   [
    55.823606,
    19.64775
   ],
   [
    55.821157,
    19.646306
   ],
   [
    55.808058,
    19.638929
   ],
   [
    55.80628,
    19.637908
   ],
   [
    55.804911,
    19.637149
   ],
   [
    55.802091,
    19.635771
   ],
   [
    55.800665,
    19.635116
   ],
   [
    55.797444,
    19.633763
   ],
   [
    55.795049,
    19.632905
   ],
   [
    55.782536,
    19.628728
   ],
   [
    55.777861,
    19.627126
   ],
   [
    55.775313,
    19.626253
   ],
   [
    55.768048,
    19.623836
   ],
   [
    55.766821,
    19.623389
   ],
   [
    55.764787,
    19.622766
   ],
   [
    55.76208,
    19.622093
   ],
   [
    55.75949,
    19.621585
   ],
   [
    55.758642,
    19.621447
   ],
   [
    55.756237,
    19.621056
   ],
   [
    55.7502,
    19.620304
   ],
   [
    55.746337,
    19.619898
   ],
   [
    55.717233,
    19.616493
   ],
   [
    55.710031,
    19.615658
   ],
   [
    55.706354,
    19.615182
   ],
   [
    55.702527,
    19.614585
   ],
   [
    55.69949,
    19.61406
   ],
   [
    55.692442,
    19.612779
   ],
   [
    55.689855,
    19.612323
   ],
   [
    55.688572,
    19.612094
   ],
   [
    55.687771,
    19.611951
   ],
   [
    55.668176,
    19.608465
   ],
   [
    55.658891,
    19.606813
   ],
   [
    55.655684,
    19.606339
   ],
   [
    55.652471,
    19.605984
   ],
   [
    55.650888,
    19.605886
   ],
   [
    55.648657,
    19.605792
   ],
   [
    55.646487,
    19.605783
   ],
   [
    55.642366,
    19.605865
   ],
   [
    55.640382,
    19.605923
   ],
   [
    55.636236,
    19.606015
   ],
   [
    55.630849,
    19.60615
   ],
   [
    55.625579,
    19.60639
   ],
   [
    55.620369,
    19.606752
   ],
   [
    55.609897,
    19.607746
   ],
   [
    55.596802,
    19.609061
   ],
   [
    55.589057,
    19.609997
   ],
   [
    55.582339,
    19.611119
   ],
   [
    55.569502,
    19.613566
   ],
   [
    55.56821,
    19.613812
   ],
   [
    55.563738,
    19.614663
   ],
   [
    55.562278,
    19.614896
   ],
   [
    55.560087,
    19.615129
   ],
   [
    55.557915,
    19.615233
   ],
   [
    55.556426,
    19.615237
   ],
   [
    55.554988,
    19.615183
   ],
   [
    55.553873,
    19.615114
   ],
   [
    55.552923,
    19.615015
   ],
   [
    55.551596,
    19.614869
   ],
   [
    55.550229,
    19.614669
   ],
   [
    55.544301,
    19.613588
   ],
   [
    55.535037,
    19.611852
   ],
   [
    55.531513,
    19.611356
   ],
   [
    55.529687,
    19.611163
   ],
   [
    55.523943,
    19.610734
   ],
   [
    55.516988,
    19.610579
   ],
   [
    55.512407,
    19.610472
   ],
   [
    55.506162,
    19.610348
   ],
   [
    55.505773,
    19.61034
   ],
   [
    55.505701,
    19.610339
   ],
   [
    55.505316,
    19.610332
   ],
   [
    55.501317,
    19.610265
   ],
   [
    55.5011,
    19.610257
   ],
   [
    55.501009,
    19.610255
   ],
   [
    55.500724,
    19.61025
   ],
   [
    55.498661,
    19.610224
   ],
   [
    55.497655,
    19.61021
   ],
   [
    55.496219,
    19.610159
   ],
   [
    55.494551,
    19.610093
   ],
   [
    55.492676,
    19.609995
   ],
   [
    55.489229,
    19.609755
   ],
   [
    55.483912,
    19.609285
   ],
   [
    55.472311,
    19.607993
   ],
   [
    55.467834,
    19.607503
   ],
   [
    55.456048,
    19.60621
   ],
   [
    55.454167,
    19.606046
   ],
   [
    55.452306,
    19.605914
   ],
   [
    55.450233,
    19.605819
   ],
   [
    55.448031,
    19.605766
   ],
   [
    55.445209,
    19.605854
   ],
   [
    55.442945,
    19.60597
   ],
   [
    55.440001,
    19.606248
   ],
   [
    55.435148,
    19.606695
   ],
   [
    55.42509,
    19.607699
   ],
   [
    55.422667,
    19.607929
   ],
   [
    55.422543,
    19.607957
   ],
   [
    55.422417,
    19.607978
   ],
   [
    55.42229,
    19.60799
   ],
   [
    55.420823,
    19.608159
   ],
   [
    55.420553,
    19.608186
   ],
   [
    55.420267,
    19.608213
   ],
   [
    55.420182,
    19.608222
   ],
   [
    55.419898,
    19.608249
   ],
   [
    55.419388,
    19.608311
   ],
   [
    55.41837,
    19.608398
   ],
   [
    55.417467,
    19.608466
   ],
   [
    55.417375,
    19.608471
   ],
   [
    55.417285,
    19.608469
   ],
   [
    55.417197,
    19.608454
   ],
   [
    55.410506,
    19.609072
   ],
   [
    55.406191,
    19.609482
   ],
   [
    55.402661,
    19.609726
   ],
   [
    55.400929,
    19.609821
   ],
   [
    55.395917,
    19.610029
   ],
   [
    55.381215,
    19.610353
   ],
   [
    55.374052,
    19.610494
   ],
   [
    55.36685,
    19.610757
   ],
   [
    55.362792,
    19.611047
   ],
   [
    55.3507,
    19.612174
   ],
   [
    55.350552,
    19.612189
   ],
   [
    55.349534,
    19.612284
   ],
   [
    55.344301,
    19.612788
   ],
   [
    55.343645,
    19.612845
   ],
   [
    55.343169,
    19.612886
   ],
   [
    55.340012,
    19.613183
   ],
   [
    55.336347,
    19.613633
   ],
   [
    55.333305,
    19.614053
   ],
   [
    55.328657,
    19.614798
   ],
   [
    55.313071,
    19.617689
   ],
   [
    55.301543,
    19.619855
   ],
   [
    55.301523,
    19.619858
   ],
   [
    55.298471,
    19.620436
   ],
   [
    55.293485,
    19.621344
   ],
   [
    55.292359,
    19.621538
   ],
   [
    55.288761,
    19.622076
   ],
   [
    55.285701,
    19.622457
   ],
   [
    55.281539,
    19.622852
   ],
   [
    55.275236,
    19.62332
   ],
   [
    55.269584,
    19.623727
   ],
   [
    55.262566,
    19.62426
   ],
   [
    55.260048,
    19.624444
   ],
   [
    55.25436,
    19.624793
   ],
   [
    55.253271,
    19.624831
   ],
   [
    55.24665,
    19.624964
   ],
   [
    55.241867,
    19.624905
   ],
   [
    55.235291,
    19.624798
   ],
   [
    55.231116,
    19.62473
   ],
   [
    55.227951,
    19.624681
   ],
   [
    55.226121,
    19.624654
   ],
   [
    55.223376,
    19.624603
   ],
   [
    55.220676,
    19.624466
   ],
   [
    55.215596,
    19.624028
   ],
   [
    55.212075,
    19.623538
   ],
   [
    55.208507,
    19.622916
   ],
   [
    55.203486,
    19.622052
   ],
   [
    55.197761,
    19.620998
   ],
   [
    55.196756,
    19.620812
   ],
   [
    55.182793,
    19.618223
   ],
   [
    55.180057,
    19.617663
   ],
   [
    55.176166,
    19.616609
   ],
   [
    55.173243,
    19.615649
   ],
   [
    55.170316,
    19.614534
   ],
   [
    55.163404,
    19.611347
   ],
   [
    55.155288,
    19.607679
   ],
   [
    55.147589,
    19.604107
   ],
   [
    55.143932,
    19.602301
   ],
   [
    55.139748,
    19.600088
   ],
   [
    55.132538,
    19.596136
   ],
   [
    55.125323,
    19.592089
   ],
   [
    55.119905,
    19.589106
   ],
   [
    55.114499,
    19.586091
   ],
   [
    55.10644,
    19.581691
   ],
   [
    55.105805,
    19.581368
   ],
   [
    55.103334,
    19.580109
   ],
   [
    55.098183,
    19.57763
   ],
   [
    55.091025,
    19.574339
   ],
   [
    55.087826,
    19.572828
   ],
   [
    55.080434,
    19.569454
   ],
   [
    55.075766,
    19.567308
   ],
   [
    55.072508,
    19.565876
   ],
   [
    55.070075,
    19.564906
   ],
   [
    55.067692,
    19.564018
   ],
   [
    55.063308,
    19.562558
   ],
   [
    55.045555,
    19.557146
   ],
   [
    55.039762,
    19.555393
   ],
   [
    55.033307,
    19.553692
   ],
   [
    55.02196,
    19.551106
   ],
   [
    55.005009,
    19.547287
   ],
   [
    54.998949,
    19.545919
   ],
   [
    54.991225,
    19.544435
   ],
   [
    54.988255,
    19.543975
   ],
   [
    54.987634,
    19.543897
   ],
   [
    54.986688,
    19.543806
   ],
   [
    54.986007,
    19.543761
   ],
   [
    54.984872,
    19.543735
   ],
   [
    54.983464,
    19.543746
   ],
   [
    54.981587,
    19.543861
   ],
   [
    54.980112,
    19.544053
   ],
   [
    54.978598,
    19.544354
   ],
   [
    54.976412,
    19.544919
   ],
   [
    54.974411,
    19.545604
   ],
   [
    54.970055,
    19.547589
   ],
   [
    54.96538,
    19.549854
   ],
   [
    54.949864,
    19.557266
   ],
   [
    54.94071,
    19.561647
   ],
   [
    54.936654,
    19.563544
   ],
   [
    54.933414,
    19.564745
   ],
   [
    54.931224,
    19.565398
   ],
   [
    54.928806,
    19.565975
   ],
   [
    54.926382,
    19.566436
   ],
   [
    54.924924,
    19.566649
   ],
   [
    54.923346,
    19.566807
   ],
   [
    54.923068,
    19.566847
   ],
   [
    54.922804,
    19.566885
   ],
   [
    54.922524,
    19.566906
   ],
   [
    54.92198,
    19.566929
   ],
   [
    54.921426,
    19.566955
   ],
   [
    54.92094,
    19.566972
   ],
   [
    54.920153,
    19.566992
   ],
   [
    54.919693,
    19.566994
   ],
   [
    54.918962,
    19.567017
   ],
   [
    54.918607,
    19.567011
   ],
   [
    54.918405,
    19.567007
   ],
   [
    54.918001,
    19.566991
   ],
   [
    54.916925,
    19.566956
   ],
   [
    54.916501,
    19.566924
   ],
   [
    54.915892,
    19.566876
   ],
   [
    54.915193,
    19.566816
   ],
   [
    54.914655,
    19.566768
   ],
   [
    54.914473,
    19.566759
   ],
   [
    54.91423,
    19.566698
   ],
   [
    54.910908,
    19.566205
   ],
   [
    54.90933,
    19.565871
   ],
   [
    54.90794,
    19.565527
   ],
   [
    54.905859,
    19.564921
   ],
   [
    54.904157,
    19.56435
   ],
   [
    54.903013,
    19.563922
   ],
   [
    54.901986,
    19.563493
   ],
   [
    54.901426,
    19.563268
   ],
   [
    54.90097,
    19.563078
   ],
   [
    54.900275,
    19.562757
   ],
   [
    54.899642,
    19.562462
   ],
   [
    54.899178,
    19.562244
   ],
   [
    54.898749,
    19.562019
   ],
   [
    54.898097,
    19.561655
   ],
   [
    54.897561,
    19.561345
   ],
   [
    54.896463,
    19.560701
   ],
   [
    54.895949,
    19.560364
   ],
   [
    54.894921,
    19.559708
   ],
   [
    54.894045,
    19.559127
   ],
   [
    54.893446,
    19.558703
   ],
   [
    54.892819,
    19.558254
   ],
   [
    54.892145,
    19.557743
   ],
   [
    54.891515,
    19.557237
   ],
   [
    54.890876,
    19.556699
   ],
   [
    54.890185,
    19.556101
   ],
   [
    54.889755,
    19.555726
   ],
   [
    54.889326,
    19.555327
   ],
   [
    54.888859,
    19.554892
   ],
   [
    54.888457,
    19.554493
   ],
   [
    54.887907,
    19.553945
   ],
   [
    54.887406,
    19.553421
   ],
   [
    54.886864,
    19.552832
   ],
   [
    54.886539,
    19.552468
   ],
   [
    54.886148,
    19.552031
   ],
   [
    54.885532,
    19.551296
   ],
   [
    54.884367,
    19.549822
   ],
   [
    54.883249,
    19.548241
   ],
   [
    54.882068,
    19.546358
   ],
   [
    54.880948,
    19.544368
   ],
   [
    54.879311,
    19.541172
   ],
   [
    54.87761,
    19.537886
   ],
   [
    54.874311,
    19.531501
   ],
   [
    54.872637,
    19.528275
   ],
   [
    54.870969,
    19.52506
   ],
   [
    54.867663,
    19.518713
   ],
   [
    54.8668,
    19.517071
   ],
   [
    54.865699,
    19.515399
   ],
   [
    54.865139,
    19.514685
   ],
   [
    54.864563,
    19.513935
   ],
   [
    54.86307,
    19.512233
   ],
   [
    54.861402,
    19.510681
   ],
   [
    54.860112,
    19.509588
   ],
   [
    54.858793,
    19.508614
   ],
   [
    54.857427,
    19.507743
   ],
   [
    54.855235,
    19.506458
   ],
   [
    54.852821,
    19.504991
   ],
   [
    54.842395,
    19.498633
   ],
   [
    54.814937,
    19.481894
   ],
   [
    54.812535,
    19.480347
   ],
   [
    54.80852,
    19.477631
   ],
   [
    54.804712,
    19.474771
   ],
   [
    54.795103,
    19.467265
   ],
   [
    54.785435,
    19.459722
   ],
   [
    54.781157,
    19.456391
   ],
   [
    54.775695,
    19.452314
   ],
   [
    54.773125,
    19.450487
   ],
   [
    54.770682,
    19.448838
   ],
   [
    54.747391,
    19.433313
   ],
   [
    54.741627,
    19.429097
   ],
   [
    54.740256,
    19.428034
   ],
   [
    54.735905,
    19.424658
   ],
   [
    54.720414,
    19.412559
   ],
   [
    54.716572,
    19.409508
   ],
   [
    54.712788,
    19.406368
   ],
   [
    54.709629,
    19.403602
   ],
   [
    54.706349,
    19.40062
   ],
   [
    54.697273,
    19.392306
   ],
   [
    54.691787,
    19.387274
   ],
   [
    54.686302,
    19.382138
   ],
   [
    54.683634,
    19.379475
   ],
   [
    54.680994,
    19.376677
   ],
   [
    54.676019,
    19.371049
   ],
   [
    54.669473,
    19.363595
   ],
   [
    54.663003,
    19.35607
   ],
   [
    54.661125,
    19.353799
   ],
   [
    54.659256,
    19.351401
   ],
   [
    54.655775,
    19.34669
   ],
   [
    54.640972,
    19.326083
   ],
   [
    54.638624,
    19.322631
   ],
   [
    54.636531,
    19.31942
   ],
   [
    54.6345,
    19.316137
   ],
   [
    54.627767,
    19.304951
   ],
   [
    54.624921,
    19.300149
   ],
   [
    54.622158,
    19.295802
   ],
   [
    54.620834,
    19.293765
   ],
   [
    54.6206,
    19.29342
   ],
   [
    54.618638,
    19.290524
   ],
   [
    54.617163,
    19.288424
   ],
   [
    54.613779,
    19.283722
   ],
   [
    54.610748,
    19.279511
   ],
   [
    54.604258,
    19.269878
   ],
   [
    54.590485,
    19.246976
   ],
   [
    54.589729,
    19.245749
   ],
   [
    54.588835,
    19.244408
   ],
   [
    54.588157,
    19.243422
   ],
   [
    54.585973,
    19.240627
   ],
   [
    54.583689,
    19.238073
   ],
   [
    54.582498,
    19.236846
   ],
   [
    54.581279,
    19.235701
   ],
   [
    54.57881,
    19.233477
   ],
   [
    54.569032,
    19.224576
   ],
   [
    54.559248,
    19.215755
   ],
   [
    54.557075,
    19.213937
   ],
   [
    54.55401,
    19.211557
   ],
   [
    54.548832,
    19.207959
   ],
   [
    54.532551,
    19.197062
   ],
   [
    54.527396,
    19.193593
   ],
   [
    54.522828,
    19.190337
   ],
   [
    54.513304,
    19.182955
   ],
   [
    54.511371,
    19.18147
   ],
   [
    54.50891,
    19.179921
   ],
   [
    54.507591,
    19.179146
   ],
   [
    54.506175,
    19.178426
   ],
   [
    54.505464,
    19.178146
   ],
   [
    54.504362,
    19.177673
   ],
   [
    54.502722,
    19.177031
   ],
   [
    54.501857,
    19.176693
   ],
   [
    54.501112,
    19.176399
   ],
   [
    54.500629,
    19.176253
   ],
   [
    54.500644,
    19.176227
   ],
   [
    54.500667,
    19.176208
   ],
   [
    54.500695,
    19.176196
   ],
   [
    54.500725,
    19.176194
   ],
   [
    54.500829,
    19.176195
   ],
   [
    54.500932,
    19.17619
   ],
   [
    54.501035,
    19.17618
   ],
   [
    54.501137,
    19.176164
   ],
   [
    54.501238,
    19.176143
   ],
   [
    54.501885,
    19.176027
   ],
   [
    54.501924,
    19.176019
   ],
   [
    54.501964,
    19.176016
   ],
   [
    54.501997,
    19.176016
   ],
   [
    54.501964,
    19.176016
   ],
   [
    54.501924,
    19.176019
   ],
   [
    54.501885,
    19.176027
   ],
   [
    54.501238,
    19.176143
   ],
   [
    54.501137,
    19.176164
   ],
   [
    54.501035,
    19.17618
   ],
   [
    54.500932,
    19.17619
   ],
   [
    54.500829,
    19.176195
   ],
   [
    54.500725,
    19.176194
   ],
   [
    54.500695,
    19.176196
   ],
   [
    54.500667,
    19.176208
   ],
   [
    54.500644,
    19.176227
   ],
   [
    54.500629,
    19.176253
   ],
   [
    54.500031,
    19.176071
   ],
   [
    54.498794,
    19.175676
   ],
   [
    54.4954,
    19.174579
   ],
   [
    54.49152,
    19.173086
   ],
   [
    54.487921,
    19.171457
   ],
   [
    54.484316,
    19.169534
   ],
   [
    54.470302,
    19.161612
   ],
   [
    54.463248,
    19.157594
   ],
   [
    54.45973,
    19.155484
   ],
   [
    54.456257,
    19.153297
   ],
   [
    54.44969,
    19.148908
   ],
   [
    54.441123,
    19.143146
   ],
   [
    54.433643,
    19.138104
   ],
   [
    54.429949,
    19.135546
   ],
   [
    54.426311,
    19.132651
   ],
   [
    54.423252,
    19.129822
   ],
   [
    54.420152,
    19.126625
   ],
   [
    54.416128,
    19.122334
   ],
   [
    54.410985,
    19.11681
   ],
   [
    54.408406,
    19.114037
   ],
   [
    54.405874,
    19.111208
   ],
   [
    54.403885,
    19.108768
   ],
   [
    54.401952,
    19.106153
   ],
   [
    54.398336,
    19.100574
   ],
   [
    54.391426,
    19.089575
   ],
   [
    54.389813,
    19.087034
   ],
   [
    54.387338,
    19.083145
   ],
   [
    54.383761,
    19.078225
   ],
   [
    54.380005,
    19.073692
   ],
   [
    54.369305,
    19.061445
   ],
   [
    54.365747,
    19.057207
   ],
   [
    54.362266,
    19.052675
   ],
   [
    54.347248,
    19.031684
   ],
   [
    54.345178,
    19.028733
   ],
   [
    54.342781,
    19.025174
   ],
   [
    54.339761,
    19.020086
   ],
   [
    54.334018,
    19.009014
   ],
   [
    54.323441,
    18.988477
   ],
   [
    54.319226,
    18.981056
   ],
   [
    54.317758,
    18.978684
   ],
   [
    54.312902,
    18.970833
   ],
   [
    54.302192,
    18.953524
   ],
   [
    54.299834,
    18.949555
   ],
   [
    54.297374,
    18.945107
   ],
   [
    54.291205,
    18.93317
   ],
   [
    54.289815,
    18.930447
   ],
   [
    54.288273,
    18.927827
   ],
   [
    54.286765,
    18.925621
   ],
   [
    54.284831,
    18.923073
   ],
   [
    54.281844,
    18.919868
   ],
   [
    54.273974,
    18.912057
   ],
   [
    54.270901,
    18.908859
   ],
   [
    54.268468,
    18.906178
   ],
   [
    54.266102,
    18.903433
   ],
   [
    54.242907,
    18.875395
   ],
   [
    54.238519,
    18.870574
   ],
   [
    54.226138,
    18.85774
   ],
   [
    54.209365,
    18.840347
   ],
   [
    54.202649,
    18.833377
   ],
   [
    54.199522,
    18.829661
   ],
   [
    54.196671,
    18.825408
   ],
   [
    54.192506,
    18.817226
   ],
   [
    54.188416,
    18.808895
   ],
   [
    54.185987,
    18.804969
   ],
   [
    54.184162,
    18.802582
   ],
   [
    54.182127,
    18.800438
   ],
   [
    54.177336,
    18.79615
   ],
   [
    54.160602,
    18.781831
   ],
   [
    54.149651,
    18.772398
   ],
   [
    54.144052,
    18.766993
   ],
   [
    54.138911,
    18.761856
   ],
   [
    54.136336,
    18.759268
   ],
   [
    54.133833,
    18.756771
   ],
   [
    54.12948,
    18.752426
   ],
   [
    54.12902,
    18.751933
   ],
   [
    54.128754,
    18.751665
   ],
   [
    54.128501,
    18.751417
   ],
   [
    54.12734,
    18.750282
   ],
   [
    54.126508,
    18.749405
   ],
   [
    54.124579,
    18.74752
   ],
   [
    54.122711,
    18.74565
   ],
   [
    54.121839,
    18.744722
   ],
   [
    54.120895,
    18.743737
   ],
   [
    54.120074,
    18.742873
   ],
   [
    54.119185,
    18.741863
   ],
   [
    54.115197,
    18.737019
   ],
   [
    54.10564,
    18.723481
   ],
   [
    54.102413,
    18.718928
   ],
   [
    54.100923,
    18.716704
   ],
   [
    54.099543,
    18.714469
   ],
   [
    54.09875,
    18.713102
   ],
   [
    54.09792,
    18.711615
   ],
   [
    54.097425,
    18.710709
   ],
   [
    54.096975,
    18.709815
   ],
   [
    54.096088,
    18.707988
   ],
   [
    54.095076,
    18.705699
   ],
   [
    54.094014,
    18.70325
   ],
   [
    54.091941,
    18.698441
   ],
   [
    54.091319,
    18.696976
   ],
   [
    54.089237,
    18.69223
   ],
   [
    54.086251,
    18.685267
   ],
   [
    54.083351,
    18.678254
   ],
   [
    54.082151,
    18.674961
   ],
   [
    54.079921,
    18.668263
   ],
   [
    54.077812,
    18.661544
   ],
   [
    54.077087,
    18.6594
   ],
   [
    54.076508,
    18.657541
   ],
   [
    54.073774,
    18.648981
   ],
   [
    54.071757,
    18.642586
   ],
   [
    54.071025,
    18.639901
   ],
   [
    54.07063,
    18.638214
   ],
   [
    54.070277,
    18.636539
   ],
   [
    54.07004,
    18.635281
   ],
   [
    54.069837,
    18.63404
   ],
   [
    54.069468,
    18.631433
   ],
   [
    54.068908,
    18.626475
   ],
   [
    54.068699,
    18.624635
   ],
   [
    54.067712,
    18.615951
   ],
   [
    54.066552,
    18.605426
   ],
   [
    54.06639,
    18.603651
   ],
   [
    54.066258,
    18.601862
   ],
   [
    54.06606,
    18.598869
   ],
   [
    54.06593,
    18.595874
   ],
   [
    54.065769,
    18.589911
   ],
   [
    54.065571,
    18.58255
   ],
   [
    54.065377,
    18.575193
   ],
   [
    54.065284,
    18.570947
   ],
   [
    54.0653,
    18.566754
   ],
   [
    54.065364,
    18.563495
   ],
   [
    54.065397,
    18.562879
   ],
   [
    54.06547,
    18.56089
   ],
   [
    54.065483,
    18.560636
   ],
   [
    54.065522,
    18.559988
   ],
   [
    54.065587,
    18.558755
   ],
   [
    54.065707,
    18.556502
   ],
   [
    54.066035,
    18.550541
   ],
   [
    54.066342,
    18.545156
   ],
   [
    54.066366,
    18.54471
   ],
   [
    54.066413,
    18.54386
   ],
   [
    54.066441,
    18.543361
   ],
   [
    54.066489,
    18.542519
   ],
   [
    54.06668,
    18.538778
   ],
   [
    54.066749,
    18.536237
   ],
   [
    54.066756,
    18.533737
   ],
   [
    54.066675,
    18.529947
   ],
   [
    54.066451,
    18.526185
   ],
   [
    54.065617,
    18.515406
   ],
   [
    54.065207,
    18.510016
   ],
   [
    54.064782,
    18.504635
   ],
   [
    54.064582,
    18.501877
   ],
   [
    54.06443,
    18.499102
   ],
   [
    54.064315,
    18.496287
   ],
   [
    54.064248,
    18.493684
   ],
   [
    54.064225,
    18.487644
   ],
   [
    54.064261,
    18.480994
   ],
   [
    54.064268,
    18.479851
   ],
   [
    54.064268,
    18.479736
   ],
   [
    54.064301,
    18.473627
   ],
   [
    54.06432,
    18.47193
   ],
   [
    54.064322,
    18.468851
   ],
   [
    54.064309,
    18.465823
   ],
   [
    54.064264,
    18.463936
   ],
   [
    54.064211,
    18.46213
   ],
   [
    54.064099,
    18.459421
   ],
   [
    54.064033,
    18.458412
   ],
   [
    54.063825,
    18.455284
   ],
   [
    54.063733,
    18.454261
   ],
   [
    54.063622,
    18.452821
   ],
   [
    54.063522,
    18.451456
   ],
   [
    54.063213,
    18.44751
   ],
   [
    54.063013,
    18.444866
   ],
   [
    54.062861,
    18.442927
   ],
   [
    54.062757,
    18.441498
   ],
   [
    54.062594,
    18.439599
   ],
   [
    54.062441,
    18.437442
   ],
   [
    54.06213,
    18.433543
   ],
   [
    54.061874,
    18.430066
   ],
   [
    54.061753,
    18.428206
   ],
   [
    54.061738,
    18.427204
   ],
   [
    54.061654,
    18.425457
   ],
   [
    54.061634,
    18.42424
   ],
   [
    54.061576,
    18.422357
   ],
   [
    54.061534,
    18.420408
   ],
   [
    54.061487,
    18.418456
   ],
   [
    54.061509,
    18.416427
   ],
   [
    54.0615,
    18.414419
   ],
   [
    54.061527,
    18.408633
   ],
   [
    54.061564,
    18.401393
   ],
   [
    54.061579,
    18.395319
   ],
   [
    54.061612,
    18.393453
   ],
   [
    54.061647,
    18.391178
   ],
   [
    54.061727,
    18.388891
   ],
   [
    54.061982,
    18.384162
   ],
   [
    54.062034,
    18.383503
   ],
   [
    54.062136,
    18.382148
   ],
   [
    54.062232,
    18.380704
   ],
   [
    54.062387,
    18.378924
   ],
   [
    54.062524,
    18.377323
   ],
   [
    54.062729,
    18.375346
   ],
   [
    54.062827,
    18.373774
   ],
   [
    54.063019,
    18.37192
   ],
   [
    54.063148,
    18.370602
   ],
   [
    54.063265,
    18.369069
   ],
   [
    54.06331,
    18.36854
   ],
   [
    54.063399,
    18.367469
   ],
   [
    54.063506,
    18.366257
   ],
   [
    54.063645,
    18.364724
   ],
   [
    54.063732,
    18.363581
   ],
   [
    54.063816,
    18.362185
   ],
   [
    54.063929,
    18.360625
   ],
   [
    54.064002,
    18.359466
   ],
   [
    54.064085,
    18.35766
   ],
   [
    54.064145,
    18.355784
   ],
   [
    54.064147,
    18.35562
   ],
   [
    54.06422,
    18.350769
   ],
   [
    54.064236,
    18.345308
   ],
   [
    54.064247,
    18.341283
   ],
   [
    54.064268,
    18.336169
   ],
   [
    54.06428,
    18.333469
   ],
   [
    54.064283,
    18.328415
   ],
   [
    54.06424,
    18.326902
   ],
   [
    54.064217,
    18.325546
   ],
   [
    54.064176,
    18.324537
   ],
   [
    54.064119,
    18.323559
   ],
   [
    54.064051,
    18.322456
   ],
   [
    54.063995,
    18.321342
   ],
   [
    54.063949,
    18.320482
   ],
   [
    54.063851,
    18.319302
   ],
   [
    54.063777,
    18.318362
   ],
   [
    54.063694,
    18.317392
   ],
   [
    54.063596,
    18.316344
   ],
   [
    54.063338,
    18.313611
   ],
   [
    54.063005,
    18.310345
   ],
   [
    54.062274,
    18.302774
   ],
   [
    54.062111,
    18.301257
   ],
   [
    54.061895,
    18.298954
   ],
   [
    54.061455,
    18.294392
   ],
   [
    54.061109,
    18.291103
   ],
   [
    54.060925,
    18.288856
   ],
   [
    54.060874,
    18.288169
   ],
   [
    54.06073,
    18.286179
   ],
   [
    54.060614,
    18.284103
   ],
   [
    54.060519,
    18.282028
   ],
   [
    54.06047,
    18.280254
   ],
   [
    54.060416,
    18.278225
   ],
   [
    54.060387,
    18.276174
   ],
   [
    54.060347,
    18.274127
   ],
   [
    54.060319,
    18.272137
   ],
   [
    54.060282,
    18.269963
   ],
   [
    54.06026,
    18.267968
   ],
   [
    54.060208,
    18.265976
   ],
   [
    54.060181,
    18.263981
   ],
   [
    54.060141,
    18.262105
   ],
   [
    54.060118,
    18.260347
   ],
   [
    54.060076,
    18.25782
   ],
   [
    54.060072,
    18.257587
   ],
   [
    54.060068,
    18.257328
   ],
   [
    54.060056,
    18.256539
   ],
   [
    54.060044,
    18.254509
   ],
   [
    54.060034,
    18.252667
   ],
   [
    54.06004,
    18.251118
   ],
   [
    54.060068,
    18.249731
   ],
   [
    54.060129,
    18.247711
   ],
   [
    54.060181,
    18.245884
   ],
   [
    54.060264,
    18.243946
   ],
   [
    54.060406,
    18.241836
   ],
   [
    54.060517,
    18.239917
   ],
   [
    54.060612,
    18.23835
   ],
   [
    54.061425,
    18.225047
   ],
   [
    54.061834,
    18.218158
   ],
   [
    54.061901,
    18.216214
   ],
   [
    54.061939,
    18.209952
   ],
   [
    54.061901,
    18.206239
   ],
   [
    54.06187,
    18.204213
   ],
   [
    54.061828,
    18.202424
   ],
   [
    54.061778,
    18.200303
   ],
   [
    54.061751,
    18.198578
   ],
   [
    54.061719,
    18.197077
   ],
   [
    54.061673,
    18.195266
   ],
   [
    54.061585,
    18.184732
   ],
   [
    54.06124,
    18.174387
   ],
   [
    54.060884,
    18.171091
   ],
   [
    54.060355,
    18.167672
   ],
   [
    54.060019,
    18.165833
   ],
   [
    54.059665,
    18.164197
   ],
   [
    54.058937,
    18.160665
   ],
   [
    54.05687,
    18.15148
   ],
   [
    54.055819,
    18.146698
   ],
   [
    54.054792,
    18.141912
   ],
   [
    54.05303,
    18.133758
   ],
   [
    54.052259,
    18.1305
   ],
   [
    54.05164,
    18.128121
   ],
   [
    54.050945,
    18.125852
   ],
   [
    54.050229,
    18.12365
   ],
   [
    54.049397,
    18.121478
   ],
   [
    54.046057,
    18.11343
   ],
   [
    54.038706,
    18.095794
   ],
   [
    54.036923,
    18.091521
   ],
   [
    54.03504,
    18.08701
   ],
   [
    54.033693,
    18.083803
   ],
   [
    54.03306,
    18.08227
   ],
   [
    54.031434,
    18.07822
   ],
   [
    54.030626,
    18.076071
   ],
   [
    54.029772,
    18.073393
   ],
   [
    54.029308,
    18.071834
   ],
   [
    54.028881,
    18.070179
   ],
   [
    54.028498,
    18.06856
   ],
   [
    54.028131,
    18.066876
   ],
   [
    54.024013,
    18.046598
   ],
   [
    54.019329,
    18.02334
   ],
   [
    54.018735,
    18.020327
   ],
   [
    54.018515,
    18.01921
   ],
   [
    54.018179,
    18.016926
   ],
   [
    54.017908,
    18.014684
   ],
   [
    54.017722,
    18.012615
   ],
   [
    54.017556,
    18.009517
   ],
   [
    54.017573,
    18.005871
   ],
   [
    54.017526,
    17.995578
   ],
   [
    54.017491,
    17.982796
   ],
   [
    54.017495,
    17.982597
   ],
   [
    54.017453,
    17.970837
   ],
   [
    54.017426,
    17.969114
   ],
   [
    54.017282,
    17.966759
   ],
   [
    54.017125,
    17.964729
   ],
   [
    54.016926,
    17.962725
   ],
   [
    54.016127,
    17.956711
   ],
   [
    54.016034,
    17.956309
   ],
   [
    54.015841,
    17.954957
   ],
   [
    54.015789,
    17.95456
   ],
   [
    54.015633,
    17.95339
   ],
   [
    54.015501,
    17.952259
   ],
   [
    54.015467,
    17.951739
   ],
   [
    54.014746,
    17.946276
   ],
   [
    54.01405,
    17.941329
   ],
   [
    54.013039,
    17.933688
   ],
   [
    54.012533,
    17.929866
   ],
   [
    54.011213,
    17.920168
   ],
   [
    54.010661,
    17.915911
   ],
   [
    54.010345,
    17.913011
   ],
   [
    54.010065,
    17.90999
   ],
   [
    54.00986,
    17.907504
   ],
   [
    54.009714,
    17.90532
   ],
   [
    54.009182,
    17.897338
   ],
   [
    54.008777,
    17.891523
   ],
   [
    54.008418,
    17.88617
   ],
   [
    54.007706,
    17.875675
   ],
   [
    54.007172,
    17.867881
   ],
   [
    54.0067,
    17.862856
   ],
   [
    54.006152,
    17.858432
   ],
   [
    54.005254,
    17.851707
   ],
   [
    54.004347,
    17.844953
   ],
   [
    54.000924,
    17.819326
   ],
   [
    54.000626,
    17.8172
   ],
   [
    54.000239,
    17.814279
   ],
   [
    54.000156,
    17.813221
   ],
   [
    54.000109,
    17.811926
   ],
   [
    54.000123,
    17.811359
   ],
   [
    54.000179,
    17.810421
   ],
   [
    54.000255,
    17.809621
   ],
   [
    54.000327,
    17.80902
   ],
   [
    54.00044,
    17.808315
   ],
   [
    54.000668,
    17.807197
   ],
   [
    54.000849,
    17.806501
   ],
   [
    54.001003,
    17.805897
   ],
   [
    54.001243,
    17.805143
   ],
   [
    54.001661,
    17.803966
   ],
   [
    54.002855,
    17.801188
   ],
   [
    54.006396,
    17.792942
   ],
   [
    54.009006,
    17.78684
   ],
   [
    54.011618,
    17.780798
   ],
   [
    54.013454,
    17.776497
   ],
   [
    54.014023,
    17.775144
   ],
   [
    54.014379,
    17.774196
   ],
   [
    54.015077,
    17.772241
   ],
   [
    54.015626,
    17.770467
   ],
   [
    54.016065,
    17.768853
   ],
   [
    54.016499,
    17.767042
   ],
   [
    54.016806,
    17.765513
   ],
   [
    54.017051,
    17.764113
   ],
   [
    54.017276,
    17.762628
   ],
   [
    54.017604,
    17.760496
   ],
   [
    54.018231,
    17.75643
   ],
   [
    54.019633,
    17.747324
   ],
   [
    54.020225,
    17.743424
   ],
   [
    54.02221,
    17.730681
   ],
   [
    54.022636,
    17.727769
   ],
   [
    54.02333,
    17.723441
   ],
   [
    54.023392,
    17.723145
   ],
   [
    54.023457,
    17.722393
   ],
   [
    54.023804,
    17.719994
   ],
   [
    54.023983,
    17.718974
   ],
   [
    54.024238,
    17.717933
   ],
   [
    54.024487,
    17.717104
   ],
   [
    54.024767,
    17.716356
   ],
   [
    54.025075,
    17.715596
   ],
   [
    54.025382,
    17.714928
   ],
   [
    54.025978,
    17.713813
   ],
   [
    54.026599,
    17.712835
   ],
   [
    54.027266,
    17.711912
   ],
   [
    54.027853,
    17.711181
   ],
   [
    54.028582,
    17.710374
   ],
   [
    54.029243,
    17.709718
   ],
   [
    54.029876,
    17.709144
   ],
   [
    54.031364,
    17.707983
   ],
   [
    54.033322,
    17.706503
   ],
   [
    54.037072,
    17.703681
   ],
   [
    54.04277,
    17.699436
   ],
   [
    54.043467,
    17.698905
   ],
   [
    54.045961,
    17.696996
   ],
   [
    54.046929,
    17.696234
   ],
   [
    54.048188,
    17.695085
   ],
   [
    54.048839,
    17.694392
   ],
   [
    54.049631,
    17.6935
   ],
   [
    54.050406,
    17.692522
   ],
   [
    54.051011,
    17.691683
   ],
   [
    54.051614,
    17.690715
   ],
   [
    54.052062,
    17.689945
   ],
   [
    54.052438,
    17.689186
   ],
   [
    54.052869,
    17.688253
   ],
   [
    54.053213,
    17.687449
   ],
   [
    54.053575,
    17.68647
   ],
   [
    54.053906,
    17.685469
   ],
   [
    54.05409,
    17.684791
   ],
   [
    54.054369,
    17.68348
   ],
   [
    54.054506,
    17.682639
   ],
   [
    54.05471,
    17.681137
   ],
   [
    54.055792,
    17.672036
   ],
   [
    54.056088,
    17.669303
   ],
   [
    54.0563,
    17.667544
   ],
   [
    54.056592,
    17.665208
   ],
   [
    54.056809,
    17.663503
   ],
   [
    54.057188,
    17.659996
   ],
   [
    54.057235,
    17.659053
   ],
   [
    54.057223,
    17.657797
   ],
   [
    54.0572,
    17.657339
   ],
   [
    54.057173,
    17.657208
   ],
   [
    54.05708,
    17.65706
   ],
   [
    54.05693,
    17.656888
   ],
   [
    54.056873,
    17.656841
   ],
   [
    54.056796,
    17.656746
   ],
   [
    54.056764,
    17.656681
   ],
   [
    54.056743,
    17.656612
   ],
   [
    54.056734,
    17.656541
   ],
   [
    54.056737,
    17.65647
   ],
   [
    54.056752,
    17.656399
   ],
   [
    54.056778,
    17.656332
   ],
   [
    54.056815,
    17.65627
   ],
   [
    54.056904,
    17.656132
   ],
   [
    54.056956,
    17.656019
   ],
   [
    54.056986,
    17.655911
   ],
   [
    54.056994,
    17.655788
   ],
   [
    54.056975,
    17.655543
   ],
   [
    54.05683,
    17.654804
   ],
   [
    54.056508,
    17.653619
   ],
   [
    54.056077,
    17.652375
   ],
   [
    54.055547,
    17.651155
   ],
   [
    54.054857,
    17.64984
   ],
   [
    54.05422,
    17.648806
   ],
   [
    54.053615,
    17.647965
   ],
   [
    54.052627,
    17.646779
   ],
   [
    54.051896,
    17.64602
   ],
   [
    54.050875,
    17.645093
   ],
   [
    54.050235,
    17.644578
   ],
   [
    54.049689,
    17.644171
   ],
   [
    54.048929,
    17.643646
   ],
   [
    54.047795,
    17.642965
   ],
   [
    54.040694,
    17.639137
   ],
   [
    54.036172,
    17.636682
   ],
   [
    54.035546,
    17.636337
   ],
   [
    54.034509,
    17.635784
   ],
   [
    54.033575,
    17.635234
   ],
   [
    54.03293,
    17.634789
   ],
   [
    54.032171,
    17.634179
   ],
   [
    54.031321,
    17.63332
   ],
   [
    54.030656,
    17.632533
   ],
   [
    54.030121,
    17.631785
   ],
   [
    54.029533,
    17.630736
   ],
   [
    54.029069,
    17.629656
   ],
   [
    54.028799,
    17.628716
   ],
   [
    54.028621,
    17.628083
   ],
   [
    54.028451,
    17.627073
   ],
   [
    54.028396,
    17.62613
   ],
   [
    54.028396,
    17.625826
   ],
   [
    54.028406,
    17.62538
   ],
   [
    54.028458,
    17.624691
   ],
   [
    54.028549,
    17.624096
   ],
   [
    54.028623,
    17.623649
   ],
   [
    54.028786,
    17.622993
   ],
   [
    54.028975,
    17.62236
   ],
   [
    54.030021,
    17.619298
   ],
   [
    54.031102,
    17.616172
   ],
   [
    54.032087,
    17.613398
   ],
   [
    54.032138,
    17.613165
   ],
   [
    54.032105,
    17.612745
   ],
   [
    54.032058,
    17.612632
   ],
   [
    54.032041,
    17.612509
   ],
   [
    54.03206,
    17.612386
   ],
   [
    54.032113,
    17.612273
   ],
   [
    54.032197,
    17.612178
   ],
   [
    54.032305,
    17.612108
   ],
   [
    54.032402,
    17.612074
   ],
   [
    54.032518,
    17.612062
   ],
   [
    54.032634,
    17.612076
   ],
   [
    54.032743,
    17.612118
   ],
   [
    54.032837,
    17.612183
   ],
   [
    54.032912,
    17.612269
   ],
   [
    54.032977,
    17.612418
   ],
   [
    54.033055,
    17.612521
   ],
   [
    54.033146,
    17.612587
   ],
   [
    54.033387,
    17.612751
   ],
   [
    54.034111,
    17.612966
   ],
   [
    54.034141,
    17.61288
   ],
   [
    54.034254,
    17.612559
   ],
   [
    54.034399,
    17.612149
   ],
   [
    54.034664,
    17.611396
   ],
   [
    54.03481,
    17.610982
   ],
   [
    54.034843,
    17.610888
   ],
   [
    54.034881,
    17.610782
   ],
   [
    54.034987,
    17.61048
   ],
   [
    54.035017,
    17.610394
   ],
   [
    54.035297,
    17.610488
   ],
   [
    54.035235,
    17.610666
   ],
   [
    54.035126,
    17.610979
   ],
   [
    54.034843,
    17.610888
   ],
   [
    54.03481,
    17.610982
   ],
   [
    54.034664,
    17.611396
   ],
   [
    54.034399,
    17.612149
   ],
   [
    54.034254,
    17.612559
   ],
   [
    54.034141,
    17.61288
   ],
   [
    54.034111,
    17.612966
   ],
   [
    54.033387,
    17.612751
   ],
   [
    54.033103,
    17.612762
   ],
   [
    54.032848,
    17.612832
   ],
   [
    54.032695,
    17.612929
   ],
   [
    54.032554,
    17.612962
   ],
   [
    54.032408,
    17.612952
   ],
   [
    54.032273,
    17.612901
   ],
   [
    54.03216,
    17.612812
   ],
   [
    54.032105,
    17.612745
   ],
   [
    54.032058,
    17.612632
   ],
   [
    54.032041,
    17.612509
   ],
   [
    54.03206,
    17.612386
   ],
   [
    54.032113,
    17.612273
   ],
   [
    54.032197,
    17.612178
   ],
   [
    54.032305,
    17.612108
   ],
   [
    54.032402,
    17.612074
   ],
   [
    54.032546,
    17.6119
   ],
   [
    54.032627,
    17.611745
   ],
   [
    54.032684,
    17.611606
   ],
   [
    54.032836,
    17.611147
   ],
   [
    54.033973,
    17.607924
   ],
   [
    54.036565,
    17.600457
   ],
   [
    54.036822,
    17.599722
   ],
   [
    54.038969,
    17.593321
   ],
   [
    54.039033,
    17.59313
   ],
   [
    54.039416,
    17.592102
   ],
   [
    54.039948,
    17.590406
   ],
   [
    54.040599,
    17.587699
   ],
   [
    54.040645,
    17.587506
   ],
   [
    54.040812,
    17.586881
   ],
   [
    54.041007,
    17.58615
   ],
   [
    54.041069,
    17.585969
   ],
   [
    54.041204,
    17.585572
   ],
   [
    54.042731,
    17.581086
   ],
   [
    54.044697,
    17.575051
   ],
   [
    54.044821,
    17.574668
   ],
   [
    54.046125,
    17.570771
   ],
   [
    54.04782,
    17.566405
   ],
   [
    54.048299,
    17.565023
   ],
   [
    54.048725,
    17.563609
   ],
   [
    54.050157,
    17.558831
   ],
   [
    54.055121,
    17.537121
   ],
   [
    54.055443,
    17.534691
   ],
   [
    54.055571,
    17.532991
   ],
   [
    54.055605,
    17.531329
   ],
   [
    54.055606,
    17.531255
   ],
   [
    54.055634,
    17.530477
   ],
   [
    54.055647,
    17.530126
   ],
   [
    54.056033,
    17.519507
   ],
   [
    54.056269,
    17.513657
   ],
   [
    54.056416,
    17.508448
   ],
   [
    54.056314,
    17.506662
   ],
   [
    54.056052,
    17.50465
   ],
   [
    54.054589,
    17.497038
   ],
   [
    54.053619,
    17.49224
   ],
   [
    54.05269,
    17.488301
   ],
   [
    54.051674,
    17.484197
   ],
   [
    54.05143,
    17.48321
   ],
   [
    54.051204,
    17.482299
   ],
   [
    54.051105,
    17.481897
   ],
   [
    54.050414,
    17.47782
   ],
   [
    54.049751,
    17.471811
   ],
   [
    54.049554,
    17.470341
   ],
   [
    54.049399,
    17.469058
   ],
   [
    54.04754,
    17.453309
   ],
   [
    54.047421,
    17.452305
   ],
   [
    54.047272,
    17.451212
   ],
   [
    54.047146,
    17.450296
   ],
   [
    54.047081,
    17.449708
   ],
   [
    54.04705,
    17.449136
   ],
   [
    54.047168,
    17.44806
   ],
   [
    54.047407,
    17.447224
   ],
   [
    54.047873,
    17.446224
   ],
   [
    54.048347,
    17.445295
   ],
   [
    54.048434,
    17.445125
   ],
   [
    54.048521,
    17.444943
   ],
   [
    54.04926,
    17.443383
   ],
   [
    54.05061,
    17.440591
   ],
   [
    54.052924,
    17.435719
   ],
   [
    54.053515,
    17.434289
   ],
   [
    54.054023,
    17.432802
   ],
   [
    54.054744,
    17.430382
   ],
   [
    54.054845,
    17.429545
   ],
   [
    54.05485,
    17.428902
   ],
   [
    54.054824,
    17.428498
   ],
   [
    54.05468,
    17.427693
   ],
   [
    54.054347,
    17.426101
   ],
   [
    54.054134,
    17.425094
   ],
   [
    54.053871,
    17.424177
   ],
   [
    54.05271,
    17.421309
   ],
   [
    54.051237,
    17.417682
   ],
   [
    54.051049,
    17.417139
   ],
   [
    54.050918,
    17.416094
   ],
   [
    54.050899,
    17.415105
   ],
   [
    54.051087,
    17.414042
   ],
   [
    54.051668,
    17.410955
   ],
   [
    54.053474,
    17.401117
   ],
   [
    54.054271,
    17.396589
   ],
   [
    54.054537,
    17.395472
   ],
   [
    54.055103,
    17.392132
   ],
   [
    54.055124,
    17.392011
   ],
   [
    54.055297,
    17.391145
   ],
   [
    54.055457,
    17.390364
   ],
   [
    54.055524,
    17.390048
   ],
   [
    54.055783,
    17.389041
   ],
   [
    54.056017,
    17.38828
   ],
   [
    54.056294,
    17.387555
   ],
   [
    54.056562,
    17.386943
   ],
   [
    54.056627,
    17.386795
   ],
   [
    54.057355,
    17.385323
   ],
   [
    54.0586,
    17.383203
   ],
   [
    54.059621,
    17.38141
   ],
   [
    54.060006,
    17.380667
   ],
   [
    54.060354,
    17.37972
   ],
   [
    54.060958,
    17.377891
   ],
   [
    54.061264,
    17.377132
   ],
   [
    54.061544,
    17.376589
   ],
   [
    54.062932,
    17.374308
   ],
   [
    54.064878,
    17.370967
   ],
   [
    54.065399,
    17.370228
   ],
   [
    54.066244,
    17.369211
   ],
   [
    54.0693,
    17.365877
   ],
   [
    54.070231,
    17.364862
   ],
   [
    54.070875,
    17.364158
   ],
   [
    54.071594,
    17.363172
   ],
   [
    54.072092,
    17.362419
   ],
   [
    54.072626,
    17.361428
   ],
   [
    54.073931,
    17.3587
   ],
   [
    54.074913,
    17.356532
   ],
   [
    54.075327,
    17.355294
   ],
   [
    54.075951,
    17.353075
   ],
   [
    54.076348,
    17.351798
   ],
   [
    54.076466,
    17.351418
   ],
   [
    54.076917,
    17.350343
   ],
   [
    54.078993,
    17.345991
   ],
   [
    54.079425,
    17.34514
   ],
   [
    54.081083,
    17.342429
   ],
   [
    54.081417,
    17.341839
   ],
   [
    54.081666,
    17.34119
   ],
   [
    54.081831,
    17.340666
   ],
   [
    54.081965,
    17.339989
   ],
   [
    54.082163,
    17.337382
   ],
   [
    54.082244,
    17.336279
   ],
   [
    54.082302,
    17.335393
   ],
   [
    54.082315,
    17.335178
   ],
   [
    54.082309,
    17.334116
   ],
   [
    54.08221,
    17.332919
   ],
   [
    54.082095,
    17.332119
   ],
   [
    54.081957,
    17.331118
   ],
   [
    54.081896,
    17.330566
   ],
   [
    54.081895,
    17.32996
   ],
   [
    54.081948,
    17.329352
   ],
   [
    54.082456,
    17.326735
   ],
   [
    54.082804,
    17.32499
   ],
   [
    54.082904,
    17.324485
   ],
   [
    54.083124,
    17.323366
   ],
   [
    54.083622,
    17.320845
   ],
   [
    54.083781,
    17.320039
   ],
   [
    54.084404,
    17.316833
   ],
   [
    54.084536,
    17.316202
   ],
   [
    54.084651,
    17.315814
   ],
   [
    54.084867,
    17.315094
   ],
   [
    54.085054,
    17.314558
   ],
   [
    54.085338,
    17.313784
   ],
   [
    54.0858,
    17.312401
   ],
   [
    54.085896,
    17.312048
   ],
   [
    54.085999,
    17.311575
   ],
   [
    54.086095,
    17.310998
   ],
   [
    54.086172,
    17.31023
   ],
   [
    54.086314,
    17.308759
   ],
   [
    54.086434,
    17.30772
   ],
   [
    54.086565,
    17.306584
   ],
   [
    54.086628,
    17.306002
   ],
   [
    54.086667,
    17.305711
   ],
   [
    54.086716,
    17.305397
   ],
   [
    54.086762,
    17.305105
   ],
   [
    54.08681,
    17.304849
   ],
   [
    54.086849,
    17.30467
   ],
   [
    54.08693,
    17.304302
   ],
   [
    54.08705,
    17.303895
   ],
   [
    54.087116,
    17.303701
   ],
   [
    54.087186,
    17.30351
   ],
   [
    54.087273,
    17.303304
   ],
   [
    54.08744,
    17.302928
   ],
   [
    54.087556,
    17.302689
   ],
   [
    54.08769,
    17.302428
   ],
   [
    54.087851,
    17.302146
   ],
   [
    54.087934,
    17.302002
   ],
   [
    54.088033,
    17.301847
   ],
   [
    54.088176,
    17.301638
   ],
   [
    54.088331,
    17.301427
   ],
   [
    54.088597,
    17.301065
   ],
   [
    54.088688,
    17.300933
   ],
   [
    54.088771,
    17.300797
   ],
   [
    54.088846,
    17.300656
   ],
   [
    54.088914,
    17.300512
   ],
   [
    54.088974,
    17.300365
   ],
   [
    54.089007,
    17.300245
   ],
   [
    54.089033,
    17.300125
   ],
   [
    54.089054,
    17.300003
   ],
   [
    54.089069,
    17.29988
   ],
   [
    54.089078,
    17.299757
   ],
   [
    54.089081,
    17.299633
   ],
   [
    54.089072,
    17.299454
   ],
   [
    54.089056,
    17.299328
   ],
   [
    54.089037,
    17.299197
   ],
   [
    54.089006,
    17.299067
   ],
   [
    54.08897,
    17.298939
   ],
   [
    54.088928,
    17.298814
   ],
   [
    54.088877,
    17.298691
   ],
   [
    54.0888,
    17.298531
   ],
   [
    54.08875,
    17.298438
   ],
   [
    54.088695,
    17.298347
   ],
   [
    54.088636,
    17.298259
   ],
   [
    54.088573,
    17.298174
   ],
   [
    54.088474,
    17.298051
   ],
   [
    54.088366,
    17.297936
   ],
   [
    54.08825,
    17.297827
   ],
   [
    54.088126,
    17.297727
   ],
   [
    54.088004,
    17.297636
   ],
   [
    54.087879,
    17.297553
   ],
   [
    54.087748,
    17.297479
   ],
   [
    54.087612,
    17.297413
   ],
   [
    54.087471,
    17.297356
   ],
   [
    54.087327,
    17.297308
   ],
   [
    54.086979,
    17.297201
   ],
   [
    54.086855,
    17.297164
   ],
   [
    54.086733,
    17.29712
   ],
   [
    54.086613,
    17.297071
   ],
   [
    54.086497,
    17.297016
   ],
   [
    54.086383,
    17.296955
   ],
   [
    54.086273,
    17.296889
   ],
   [
    54.086187,
    17.29683
   ],
   [
    54.086111,
    17.296772
   ],
   [
    54.086009,
    17.296682
   ],
   [
    54.085911,
    17.296588
   ],
   [
    54.085809,
    17.296483
   ],
   [
    54.08571,
    17.296375
   ],
   [
    54.085608,
    17.296254
   ],
   [
    54.085486,
    17.296094
   ],
   [
    54.085412,
    17.295987
   ],
   [
    54.085351,
    17.295892
   ],
   [
    54.085297,
    17.295794
   ],
   [
    54.085247,
    17.295693
   ],
   [
    54.085196,
    17.295576
   ],
   [
    54.085148,
    17.295457
   ],
   [
    54.085113,
    17.295362
   ],
   [
    54.085083,
    17.295265
   ],
   [
    54.08506,
    17.295167
   ],
   [
    54.085044,
    17.295067
   ],
   [
    54.085034,
    17.294966
   ],
   [
    54.085032,
    17.294865
   ],
   [
    54.08504,
    17.294669
   ],
   [
    54.085054,
    17.294552
   ],
   [
    54.085075,
    17.294436
   ],
   [
    54.0851,
    17.294334
   ],
   [
    54.085127,
    17.294233
   ],
   [
    54.08516,
    17.294135
   ],
   [
    54.085201,
    17.294014
   ],
   [
    54.085267,
    17.293851
   ],
   [
    54.085308,
    17.293755
   ],
   [
    54.085452,
    17.293452
   ],
   [
    54.085513,
    17.293335
   ],
   [
    54.085577,
    17.29322
   ],
   [
    54.085645,
    17.293107
   ],
   [
    54.085716,
    17.292996
   ],
   [
    54.08579,
    17.292887
   ],
   [
    54.085863,
    17.292796
   ],
   [
    54.085937,
    17.292709
   ],
   [
    54.086017,
    17.292627
   ],
   [
    54.086102,
    17.292549
   ],
   [
    54.086191,
    17.292476
   ],
   [
    54.086393,
    17.292318
   ],
   [
    54.086491,
    17.292241
   ],
   [
    54.086585,
    17.29216
   ],
   [
    54.086674,
    17.292074
   ],
   [
    54.08676,
    17.291985
   ],
   [
    54.086845,
    17.291886
   ],
   [
    54.086938,
    17.291766
   ],
   [
    54.087044,
    17.291607
   ],
   [
    54.087145,
    17.291445
   ],
   [
    54.087242,
    17.291282
   ],
   [
    54.087335,
    17.291116
   ],
   [
    54.087398,
    17.290998
   ],
   [
    54.08746,
    17.290878
   ],
   [
    54.087513,
    17.290755
   ],
   [
    54.08756,
    17.290631
   ],
   [
    54.087603,
    17.290505
   ],
   [
    54.087751,
    17.290064
   ],
   [
    54.087867,
    17.289736
   ],
   [
    54.087999,
    17.289419
   ],
   [
    54.088138,
    17.289095
   ],
   [
    54.088358,
    17.288548
   ],
   [
    54.088464,
    17.288279
   ],
   [
    54.088563,
    17.288008
   ],
   [
    54.088647,
    17.287735
   ],
   [
    54.08873,
    17.287461
   ],
   [
    54.088803,
    17.287184
   ],
   [
    54.088865,
    17.286905
   ],
   [
    54.088914,
    17.286626
   ],
   [
    54.088993,
    17.286054
   ],
   [
    54.089027,
    17.285807
   ],
   [
    54.089056,
    17.285559
   ],
   [
    54.089076,
    17.28531
   ],
   [
    54.08909,
    17.285061
   ],
   [
    54.089094,
    17.284808
   ],
   [
    54.089092,
    17.284555
   ],
   [
    54.089083,
    17.284303
   ],
   [
    54.089067,
    17.28405
   ],
   [
    54.089042,
    17.283799
   ],
   [
    54.088994,
    17.283397
   ],
   [
    54.088961,
    17.283224
   ],
   [
    54.088929,
    17.283083
   ],
   [
    54.088884,
    17.282922
   ],
   [
    54.08882,
    17.282716
   ],
   [
    54.088762,
    17.282548
   ],
   [
    54.088687,
    17.282366
   ],
   [
    54.088605,
    17.282185
   ],
   [
    54.088508,
    17.281983
   ],
   [
    54.088082,
    17.281172
   ],
   [
    54.087584,
    17.280218
   ],
   [
    54.087457,
    17.279997
   ],
   [
    54.08727,
    17.279709
   ],
   [
    54.08716,
    17.27953
   ],
   [
    54.087052,
    17.27935
   ],
   [
    54.086947,
    17.279168
   ],
   [
    54.086844,
    17.278985
   ],
   [
    54.086583,
    17.27851
   ],
   [
    54.086244,
    17.277931
   ],
   [
    54.086159,
    17.277811
   ],
   [
    54.08607,
    17.277695
   ],
   [
    54.085978,
    17.277581
   ],
   [
    54.085883,
    17.277469
   ],
   [
    54.085782,
    17.277361
   ],
   [
    54.085624,
    17.277192
   ],
   [
    54.085455,
    17.277028
   ],
   [
    54.085284,
    17.276877
   ],
   [
    54.085152,
    17.276773
   ],
   [
    54.084994,
    17.276655
   ],
   [
    54.084552,
    17.276367
   ],
   [
    54.084361,
    17.276235
   ],
   [
    54.083993,
    17.275971
   ],
   [
    54.083905,
    17.275904
   ],
   [
    54.083793,
    17.275801
   ],
   [
    54.083689,
    17.275694
   ],
   [
    54.083597,
    17.275586
   ],
   [
    54.083464,
    17.275419
   ],
   [
    54.083343,
    17.275243
   ],
   [
    54.083234,
    17.275059
   ],
   [
    54.083139,
    17.274869
   ],
   [
    54.083075,
    17.274727
   ],
   [
    54.083006,
    17.274545
   ],
   [
    54.082967,
    17.274439
   ],
   [
    54.082937,
    17.274316
   ],
   [
    54.082889,
    17.274142
   ],
   [
    54.082795,
    17.273696
   ],
   [
    54.082754,
    17.273484
   ],
   [
    54.08272,
    17.273272
   ],
   [
    54.082689,
    17.273057
   ],
   [
    54.082577,
    17.271668
   ],
   [
    54.082579,
    17.271255
   ],
   [
    54.082565,
    17.270638
   ],
   [
    54.082561,
    17.270467
   ],
   [
    54.082561,
    17.270119
   ],
   [
    54.082561,
    17.269477
   ],
   [
    54.082561,
    17.268987
   ],
   [
    54.082572,
    17.268884
   ],
   [
    54.082582,
    17.26879
   ],
   [
    54.082596,
    17.268678
   ],
   [
    54.082624,
    17.268552
   ],
   [
    54.082675,
    17.268393
   ],
   [
    54.082906,
    17.267809
   ],
   [
    54.082956,
    17.267685
   ],
   [
    54.083022,
    17.267506
   ],
   [
    54.083116,
    17.267217
   ],
   [
    54.083186,
    17.266991
   ],
   [
    54.083243,
    17.266787
   ],
   [
    54.083302,
    17.266546
   ],
   [
    54.083324,
    17.266419
   ],
   [
    54.083333,
    17.26618
   ],
   [
    54.08333,
    17.265925
   ],
   [
    54.083319,
    17.265641
   ],
   [
    54.083298,
    17.265432
   ],
   [
    54.083203,
    17.265047
   ],
   [
    54.08298,
    17.264251
   ],
   [
    54.082963,
    17.264182
   ],
   [
    54.08284,
    17.263647
   ],
   [
    54.082715,
    17.26297
   ],
   [
    54.082698,
    17.262884
   ],
   [
    54.082682,
    17.262723
   ],
   [
    54.082656,
    17.26242
   ],
   [
    54.082658,
    17.262236
   ],
   [
    54.082674,
    17.26168
   ],
   [
    54.082687,
    17.2615
   ],
   [
    54.082722,
    17.261209
   ],
   [
    54.082878,
    17.260483
   ],
   [
    54.082895,
    17.260405
   ],
   [
    54.082919,
    17.260312
   ],
   [
    54.082984,
    17.26007
   ],
   [
    54.083114,
    17.259531
   ],
   [
    54.083253,
    17.258925
   ],
   [
    54.083324,
    17.25853
   ],
   [
    54.083346,
    17.258388
   ],
   [
    54.083372,
    17.257991
   ],
   [
    54.083386,
    17.257519
   ],
   [
    54.083362,
    17.257041
   ],
   [
    54.083303,
    17.256515
   ],
   [
    54.083227,
    17.255958
   ],
   [
    54.083198,
    17.255757
   ],
   [
    54.083168,
    17.255553
   ],
   [
    54.083108,
    17.25515
   ],
   [
    54.082991,
    17.254294
   ],
   [
    54.082852,
    17.253442
   ],
   [
    54.082773,
    17.252895
   ],
   [
    54.082695,
    17.252328
   ],
   [
    54.082652,
    17.25212
   ],
   [
    54.082598,
    17.251889
   ],
   [
    54.082458,
    17.251361
   ],
   [
    54.082247,
    17.250782
   ],
   [
    54.082034,
    17.250283
   ],
   [
    54.081819,
    17.249882
   ],
   [
    54.081572,
    17.249474
   ],
   [
    54.081387,
    17.249197
   ],
   [
    54.08117,
    17.248909
   ],
   [
    54.081017,
    17.248704
   ],
   [
    54.080799,
    17.248453
   ],
   [
    54.080487,
    17.248134
   ],
   [
    54.08022,
    17.247888
   ],
   [
    54.080078,
    17.247757
   ],
   [
    54.079919,
    17.247623
   ],
   [
    54.079697,
    17.247453
   ],
   [
    54.079441,
    17.247268
   ],
   [
    54.079259,
    17.247143
   ],
   [
    54.079014,
    17.246993
   ],
   [
    54.078733,
    17.246836
   ],
   [
    54.078417,
    17.246664
   ],
   [
    54.078353,
    17.24663
   ],
   [
    54.077684,
    17.24628
   ],
   [
    54.077201,
    17.246032
   ],
   [
    54.076669,
    17.245753
   ],
   [
    54.076018,
    17.245414
   ],
   [
    54.075915,
    17.245361
   ],
   [
    54.075511,
    17.245178
   ],
   [
    54.075124,
    17.244987
   ],
   [
    54.07461,
    17.244732
   ],
   [
    54.074271,
    17.244582
   ],
   [
    54.074105,
    17.244496
   ],
   [
    54.073862,
    17.244359
   ],
   [
    54.073446,
    17.244129
   ],
   [
    54.073148,
    17.243963
   ],
   [
    54.072963,
    17.243865
   ],
   [
    54.072853,
    17.243807
   ],
   [
    54.072813,
    17.243786
   ],
   [
    54.0727,
    17.243728
   ],
   [
    54.07252,
    17.243629
   ],
   [
    54.072364,
    17.243535
   ],
   [
    54.072238,
    17.243457
   ],
   [
    54.072016,
    17.243303
   ],
   [
    54.071861,
    17.243182
   ],
   [
    54.071667,
    17.243017
   ],
   [
    54.0715,
    17.242857
   ],
   [
    54.071405,
    17.242751
   ],
   [
    54.071315,
    17.242632
   ],
   [
    54.071138,
    17.242371
   ],
   [
    54.070958,
    17.242083
   ],
   [
    54.070835,
    17.241849
   ],
   [
    54.070711,
    17.24157
   ],
   [
    54.070641,
    17.24137
   ],
   [
    54.070565,
    17.241118
   ],
   [
    54.070524,
    17.240919
   ],
   [
    54.070487,
    17.240643
   ],
   [
    54.07047,
    17.24045
   ],
   [
    54.070463,
    17.240307
   ],
   [
    54.07047,
    17.240148
   ],
   [
    54.070482,
    17.240005
   ],
   [
    54.0705,
    17.239866
   ],
   [
    54.07056,
    17.23954
   ],
   [
    54.070639,
    17.239204
   ],
   [
    54.070691,
    17.239029
   ],
   [
    54.070848,
    17.238678
   ],
   [
    54.070957,
    17.238455
   ],
   [
    54.0711,
    17.238209
   ],
   [
    54.071224,
    17.238014
   ],
   [
    54.071342,
    17.237862
   ],
   [
    54.071602,
    17.237519
   ],
   [
    54.071882,
    17.23714
   ],
   [
    54.072246,
    17.23665
   ],
   [
    54.073249,
    17.235353
   ],
   [
    54.073309,
    17.235273
   ],
   [
    54.073362,
    17.235184
   ],
   [
    54.073426,
    17.235072
   ],
   [
    54.07353,
    17.234876
   ],
   [
    54.07362,
    17.234697
   ],
   [
    54.073705,
    17.234514
   ],
   [
    54.07384,
    17.234235
   ],
   [
    54.073937,
    17.233984
   ],
   [
    54.074079,
    17.233588
   ],
   [
    54.074142,
    17.233404
   ],
   [
    54.074167,
    17.233304
   ],
   [
    54.074413,
    17.232235
   ],
   [
    54.074582,
    17.231407
   ],
   [
    54.074638,
    17.231135
   ],
   [
    54.074675,
    17.230978
   ],
   [
    54.074701,
    17.230869
   ],
   [
    54.07473,
    17.230772
   ],
   [
    54.074772,
    17.230667
   ],
   [
    54.0749,
    17.230412
   ],
   [
    54.075043,
    17.230175
   ],
   [
    54.075187,
    17.229975
   ],
   [
    54.075391,
    17.229743
   ],
   [
    54.075557,
    17.229594
   ],
   [
    54.075744,
    17.229436
   ],
   [
    54.075994,
    17.229263
   ],
   [
    54.076356,
    17.229057
   ],
   [
    54.082232,
    17.225722
   ],
   [
    54.082581,
    17.225529
   ],
   [
    54.082923,
    17.225289
   ],
   [
    54.083248,
    17.225028
   ],
   [
    54.083641,
    17.224691
   ],
   [
    54.083876,
    17.224454
   ],
   [
    54.08419,
    17.224091
   ],
   [
    54.084417,
    17.22384
   ],
   [
    54.084646,
    17.223585
   ],
   [
    54.08581,
    17.22228
   ],
   [
    54.086802,
    17.221212
   ],
   [
    54.087104,
    17.220888
   ],
   [
    54.087523,
    17.22055
   ],
   [
    54.087742,
    17.220405
   ],
   [
    54.087896,
    17.220303
   ],
   [
    54.0884,
    17.220017
   ],
   [
    54.088645,
    17.219903
   ],
   [
    54.089051,
    17.219751
   ],
   [
    54.089726,
    17.219529
   ],
   [
    54.090743,
    17.21918
   ],
   [
    54.091663,
    17.218873
   ],
   [
    54.09196,
    17.218758
   ],
   [
    54.092207,
    17.218636
   ],
   [
    54.092573,
    17.218438
   ],
   [
    54.092874,
    17.218253
   ],
   [
    54.093104,
    17.218082
   ],
   [
    54.093306,
    17.217918
   ],
   [
    54.093472,
    17.217757
   ],
   [
    54.093746,
    17.217471
   ],
   [
    54.093994,
    17.217169
   ],
   [
    54.09416,
    17.216922
   ],
   [
    54.094285,
    17.216727
   ],
   [
    54.094431,
    17.216493
   ],
   [
    54.094561,
    17.216217
   ],
   [
    54.094669,
    17.215951
   ],
   [
    54.094748,
    17.215714
   ],
   [
    54.09483,
    17.215462
   ],
   [
    54.09488,
    17.215207
   ],
   [
    54.094907,
    17.215065
   ],
   [
    54.094925,
    17.214942
   ],
   [
    54.094933,
    17.214793
   ],
   [
    54.094952,
    17.21444
   ],
   [
    54.094946,
    17.214271
   ],
   [
    54.094925,
    17.21387
   ],
   [
    54.094899,
    17.213426
   ],
   [
    54.094891,
    17.213
   ],
   [
    54.094884,
    17.212357
   ],
   [
    54.094893,
    17.211913
   ],
   [
    54.094914,
    17.211638
   ],
   [
    54.094966,
    17.211232
   ],
   [
    54.095012,
    17.210978
   ],
   [
    54.095079,
    17.210732
   ],
   [
    54.095239,
    17.210263
   ],
   [
    54.095307,
    17.209975
   ],
   [
    54.095366,
    17.209729
   ],
   [
    54.095398,
    17.209543
   ],
   [
    54.09541,
    17.2094
   ],
   [
    54.09541,
    17.209149
   ],
   [
    54.095395,
    17.208917
   ],
   [
    54.095351,
    17.20868
   ],
   [
    54.09529,
    17.208493
   ],
   [
    54.095205,
    17.208292
   ],
   [
    54.095127,
    17.208156
   ],
   [
    54.095025,
    17.207979
   ],
   [
    54.094903,
    17.207785
   ],
   [
    54.094762,
    17.207518
   ],
   [
    54.094639,
    17.207245
   ],
   [
    54.094416,
    17.206783
   ],
   [
    54.094238,
    17.206468
   ],
   [
    54.094172,
    17.206327
   ],
   [
    54.094128,
    17.206164
   ],
   [
    54.094115,
    17.206029
   ],
   [
    54.094123,
    17.205873
   ],
   [
    54.094156,
    17.205672
   ],
   [
    54.094199,
    17.20548
   ],
   [
    54.094253,
    17.205307
   ],
   [
    54.094374,
    17.204998
   ],
   [
    54.094486,
    17.204764
   ],
   [
    54.094548,
    17.204677
   ],
   [
    54.09475,
    17.204454
   ],
   [
    54.094931,
    17.204306
   ],
   [
    54.09499,
    17.204264
   ],
   [
    54.095107,
    17.204194
   ],
   [
    54.095178,
    17.204158
   ],
   [
    54.095262,
    17.204117
   ],
   [
    54.095363,
    17.204075
   ],
   [
    54.095447,
    17.20405
   ],
   [
    54.095545,
    17.204026
   ],
   [
    54.095674,
    17.204001
   ],
   [
    54.095778,
    17.203983
   ],
   [
    54.095891,
    17.203974
   ],
   [
    54.096025,
    17.203972
   ],
   [
    54.096229,
    17.203976
   ],
   [
    54.096392,
    17.203992
   ],
   [
    54.096593,
    17.204018
   ],
   [
    54.097414,
    17.204152
   ],
   [
    54.097794,
    17.20422
   ],
   [
    54.098162,
    17.204284
   ],
   [
    54.098269,
    17.204298
   ],
   [
    54.098381,
    17.204307
   ],
   [
    54.098503,
    17.204314
   ],
   [
    54.098706,
    17.204309
   ],
   [
    54.098907,
    17.204286
   ],
   [
    54.099018,
    17.204264
   ],
   [
    54.099253,
    17.204198
   ],
   [
    54.099558,
    17.204092
   ],
   [
    54.103193,
    17.202746
   ],
   [
    54.104072,
    17.202454
   ],
   [
    54.106254,
    17.201798
   ],
   [
    54.108264,
    17.2012
   ],
   [
    54.108877,
    17.201009
   ],
   [
    54.109439,
    17.200805
   ],
   [
    54.109865,
    17.200626
   ],
   [
    54.110213,
    17.200443
   ],
   [
    54.110609,
    17.200215
   ],
   [
    54.110931,
    17.200007
   ],
   [
    54.111244,
    17.19977
   ],
   [
    54.111698,
    17.199352
   ],
   [
    54.112068,
    17.198973
   ],
   [
    54.112553,
    17.198372
   ],
   [
    54.112732,
    17.198083
   ],
   [
    54.11302,
    17.197536
   ],
   [
    54.113187,
    17.197182
   ],
   [
    54.113308,
    17.196885
   ],
   [
    54.113396,
    17.196671
   ],
   [
    54.113493,
    17.196366
   ],
   [
    54.113555,
    17.196088
   ],
   [
    54.113631,
    17.195549
   ],
   [
    54.113692,
    17.194942
   ],
   [
    54.113716,
    17.194704
   ],
   [
    54.113771,
    17.194391
   ],
   [
    54.113826,
    17.193937
   ],
   [
    54.113862,
    17.193579
   ],
   [
    54.113907,
    17.193325
   ],
   [
    54.113999,
    17.193053
   ],
   [
    54.114056,
    17.192908
   ],
   [
    54.114149,
    17.192632
   ],
   [
    54.114178,
    17.192584
   ],
   [
    54.1142,
    17.192549
   ],
   [
    54.114359,
    17.192289
   ],
   [
    54.114559,
    17.192035
   ],
   [
    54.11492,
    17.191672
   ],
   [
    54.115389,
    17.191253
   ],
   [
    54.116661,
    17.190125
   ],
   [
    54.116974,
    17.189822
   ],
   [
    54.117248,
    17.189509
   ],
   [
    54.117523,
    17.189156
   ],
   [
    54.117748,
    17.188794
   ],
   [
    54.117889,
    17.188551
   ],
   [
    54.118031,
    17.188279
   ],
   [
    54.118211,
    17.187833
   ],
   [
    54.118438,
    17.187256
   ],
   [
    54.118591,
    17.18689
   ],
   [
    54.118798,
    17.186304
   ],
   [
    54.119052,
    17.185673
   ],
   [
    54.119853,
    17.183638
   ],
   [
    54.12047,
    17.181999
   ],
   [
    54.121074,
    17.180454
   ],
   [
    54.12143,
    17.179498
   ],
   [
    54.121525,
    17.179203
   ],
   [
    54.121611,
    17.178831
   ],
   [
    54.121746,
    17.178182
   ],
   [
    54.121841,
    17.177579
   ],
   [
    54.121888,
    17.177027
   ],
   [
    54.121911,
    17.17642
   ],
   [
    54.121874,
    17.17562
   ],
   [
    54.121801,
    17.174767
   ],
   [
    54.121731,
    17.173765
   ],
   [
    54.121662,
    17.173199
   ],
   [
    54.121645,
    17.17238
   ],
   [
    54.121652,
    17.171972
   ],
   [
    54.121672,
    17.171833
   ],
   [
    54.121727,
    17.171609
   ],
   [
    54.121803,
    17.171378
   ],
   [
    54.121909,
    17.171114
   ],
   [
    54.122029,
    17.170867
   ],
   [
    54.122135,
    17.170704
   ],
   [
    54.12238,
    17.170393
   ],
   [
    54.122599,
    17.170166
   ],
   [
    54.122913,
    17.169902
   ],
   [
    54.123415,
    17.16952
   ],
   [
    54.123525,
    17.169422
   ],
   [
    54.123605,
    17.169347
   ],
   [
    54.12379,
    17.169141
   ],
   [
    54.123915,
    17.168976
   ],
   [
    54.124052,
    17.168774
   ],
   [
    54.124137,
    17.168619
   ],
   [
    54.124219,
    17.16845
   ],
   [
    54.124292,
    17.168278
   ],
   [
    54.124337,
    17.168124
   ],
   [
    54.124394,
    17.167864
   ],
   [
    54.124427,
    17.167562
   ],
   [
    54.124437,
    17.167317
   ],
   [
    54.124419,
    17.16697
   ],
   [
    54.124345,
    17.166138
   ],
   [
    54.124309,
    17.165317
   ],
   [
    54.124286,
    17.1649
   ],
   [
    54.124288,
    17.164739
   ],
   [
    54.124303,
    17.164561
   ],
   [
    54.124343,
    17.164353
   ],
   [
    54.124398,
    17.164139
   ],
   [
    54.124501,
    17.163877
   ],
   [
    54.124641,
    17.163575
   ],
   [
    54.124741,
    17.163356
   ],
   [
    54.124815,
    17.163189
   ],
   [
    54.124866,
    17.163028
   ],
   [
    54.124919,
    17.162794
   ],
   [
    54.124937,
    17.162633
   ],
   [
    54.124962,
    17.162387
   ],
   [
    54.124966,
    17.162147
   ],
   [
    54.124962,
    17.16196
   ],
   [
    54.124943,
    17.161743
   ],
   [
    54.124925,
    17.161608
   ],
   [
    54.124872,
    17.161419
   ],
   [
    54.124774,
    17.161198
   ],
   [
    54.124566,
    17.160729
   ],
   [
    54.124496,
    17.160568
   ],
   [
    54.124451,
    17.160439
   ],
   [
    54.1244,
    17.160257
   ],
   [
    54.124384,
    17.160141
   ],
   [
    54.12436,
    17.159959
   ],
   [
    54.124347,
    17.159759
   ],
   [
    54.124349,
    17.159524
   ],
   [
    54.12437,
    17.15929
   ],
   [
    54.124403,
    17.15909
   ],
   [
    54.124468,
    17.158886
   ],
   [
    54.124572,
    17.158614
   ],
   [
    54.124847,
    17.158059
   ],
   [
    54.125147,
    17.15746
   ],
   [
    54.125356,
    17.15699
   ],
   [
    54.125486,
    17.156639
   ],
   [
    54.125674,
    17.156105
   ],
   [
    54.125935,
    17.155414
   ],
   [
    54.126151,
    17.154642
   ],
   [
    54.126274,
    17.154215
   ],
   [
    54.126468,
    17.153563
   ],
   [
    54.126535,
    17.15318
   ],
   [
    54.126549,
    17.152935
   ],
   [
    54.126549,
    17.152551
   ],
   [
    54.126518,
    17.152261
   ],
   [
    54.126494,
    17.152025
   ],
   [
    54.126441,
    17.1516
   ],
   [
    54.126257,
    17.150584
   ],
   [
    54.126053,
    17.149725
   ],
   [
    54.126014,
    17.149383
   ],
   [
    54.125982,
    17.149041
   ],
   [
    54.125985,
    17.148768
   ],
   [
    54.12595,
    17.148673
   ],
   [
    54.125961,
    17.148161
   ],
   [
    54.125972,
    17.147729
   ],
   [
    54.126042,
    17.147189
   ],
   [
    54.126129,
    17.146791
   ],
   [
    54.126229,
    17.146432
   ],
   [
    54.126335,
    17.146096
   ],
   [
    54.126456,
    17.145826
   ],
   [
    54.126707,
    17.14531
   ],
   [
    54.127003,
    17.144794
   ],
   [
    54.127177,
    17.144528
   ],
   [
    54.127357,
    17.144279
   ],
   [
    54.127451,
    17.144166
   ],
   [
    54.127675,
    17.143919
   ],
   [
    54.128079,
    17.143509
   ],
   [
    54.12828,
    17.14333
   ],
   [
    54.128683,
    17.142959
   ],
   [
    54.128967,
    17.142684
   ],
   [
    54.129137,
    17.142558
   ],
   [
    54.129277,
    17.142438
   ],
   [
    54.129524,
    17.142226
   ],
   [
    54.129876,
    17.141941
   ],
   [
    54.130491,
    17.141505
   ],
   [
    54.130832,
    17.141301
   ],
   [
    54.131033,
    17.141162
   ],
   [
    54.131355,
    17.140951
   ],
   [
    54.131539,
    17.140855
   ],
   [
    54.131726,
    17.140731
   ],
   [
    54.131945,
    17.140588
   ],
   [
    54.132226,
    17.140416
   ],
   [
    54.133227,
    17.139774
   ],
   [
    54.133611,
    17.139508
   ],
   [
    54.133833,
    17.139294
   ],
   [
    54.133949,
    17.139157
   ],
   [
    54.134098,
    17.13898
   ],
   [
    54.13422,
    17.138773
   ],
   [
    54.134317,
    17.138521
   ],
   [
    54.134398,
    17.13835
   ],
   [
    54.134439,
    17.138133
   ],
   [
    54.134459,
    17.137871
   ],
   [
    54.134429,
    17.137388
   ],
   [
    54.134345,
    17.137101
   ],
   [
    54.134227,
    17.136804
   ],
   [
    54.134099,
    17.136587
   ],
   [
    54.133965,
    17.136405
   ],
   [
    54.133754,
    17.136135
   ],
   [
    54.133598,
    17.135929
   ],
   [
    54.133456,
    17.135683
   ],
   [
    54.133367,
    17.135477
   ],
   [
    54.133299,
    17.135269
   ],
   [
    54.133238,
    17.134978
   ],
   [
    54.133225,
    17.134791
   ],
   [
    54.133236,
    17.134533
   ],
   [
    54.133269,
    17.134318
   ],
   [
    54.133305,
    17.134138
   ],
   [
    54.133368,
    17.133928
   ],
   [
    54.133454,
    17.133704
   ],
   [
    54.133571,
    17.133507
   ],
   [
    54.133707,
    17.133334
   ],
   [
    54.133856,
    17.133167
   ],
   [
    54.134034,
    17.132991
   ],
   [
    54.134251,
    17.132842
   ],
   [
    54.134473,
    17.132714
   ],
   [
    54.134839,
    17.132555
   ],
   [
    54.135254,
    17.132429
   ],
   [
    54.135524,
    17.132326
   ],
   [
    54.135852,
    17.132178
   ],
   [
    54.13614,
    17.132037
   ],
   [
    54.136337,
    17.131907
   ],
   [
    54.136646,
    17.131687
   ],
   [
    54.136856,
    17.131513
   ],
   [
    54.136992,
    17.131369
   ],
   [
    54.13713,
    17.131215
   ],
   [
    54.137292,
    17.131037
   ],
   [
    54.137437,
    17.130873
   ],
   [
    54.137623,
    17.130615
   ],
   [
    54.138115,
    17.129775
   ],
   [
    54.138278,
    17.129583
   ],
   [
    54.138376,
    17.129452
   ],
   [
    54.138567,
    17.129278
   ],
   [
    54.138702,
    17.129152
   ],
   [
    54.138879,
    17.129033
   ],
   [
    54.139124,
    17.128862
   ],
   [
    54.13945,
    17.128694
   ],
   [
    54.139498,
    17.128676
   ],
   [
    54.13973,
    17.128589
   ],
   [
    54.140039,
    17.128485
   ],
   [
    54.140123,
    17.128467
   ],
   [
    54.140344,
    17.128418
   ],
   [
    54.140614,
    17.128376
   ],
   [
    54.140845,
    17.128369
   ],
   [
    54.141178,
    17.128378
   ],
   [
    54.141505,
    17.128384
   ],
   [
    54.141842,
    17.12839
   ],
   [
    54.142164,
    17.128375
   ],
   [
    54.142439,
    17.128357
   ],
   [
    54.142742,
    17.128327
   ],
   [
    54.143067,
    17.128286
   ],
   [
    54.143361,
    17.128244
   ],
   [
    54.143583,
    17.128204
   ],
   [
    54.143825,
    17.128136
   ],
   [
    54.144004,
    17.128085
   ],
   [
    54.1442,
    17.128012
   ],
   [
    54.144508,
    17.127895
   ],
   [
    54.144823,
    17.127777
   ],
   [
    54.145139,
    17.127658
   ],
   [
    54.145365,
    17.127555
   ],
   [
    54.145573,
    17.127448
   ],
   [
    54.145653,
    17.127408
   ],
   [
    54.14598,
    17.127222
   ],
   [
    54.146513,
    17.126858
   ],
   [
    54.146824,
    17.126626
   ],
   [
    54.147147,
    17.126343
   ],
   [
    54.147478,
    17.125996
   ],
   [
    54.147716,
    17.125728
   ],
   [
    54.147943,
    17.125463
   ],
   [
    54.14813,
    17.125208
   ],
   [
    54.148347,
    17.124864
   ],
   [
    54.148506,
    17.124586
   ],
   [
    54.148622,
    17.124372
   ],
   [
    54.149277,
    17.12316
   ],
   [
    54.149513,
    17.122709
   ],
   [
    54.15007,
    17.121614
   ],
   [
    54.150754,
    17.120281
   ],
   [
    54.151263,
    17.119331
   ],
   [
    54.151864,
    17.118193
   ],
   [
    54.152181,
    17.117539
   ],
   [
    54.152247,
    17.117352
   ],
   [
    54.152516,
    17.116585
   ],
   [
    54.152632,
    17.116171
   ],
   [
    54.152744,
    17.115708
   ],
   [
    54.152846,
    17.115142
   ],
   [
    54.152896,
    17.114738
   ],
   [
    54.152929,
    17.114374
   ],
   [
    54.152956,
    17.113995
   ],
   [
    54.152941,
    17.113349
   ],
   [
    54.152901,
    17.112754
   ],
   [
    54.152832,
    17.112295
   ],
   [
    54.152768,
    17.111873
   ],
   [
    54.152677,
    17.11148
   ],
   [
    54.152563,
    17.111073
   ],
   [
    54.152447,
    17.110682
   ],
   [
    54.152214,
    17.110042
   ],
   [
    54.152007,
    17.109435
   ],
   [
    54.151904,
    17.109146
   ],
   [
    54.151733,
    17.108671
   ],
   [
    54.151675,
    17.108503
   ],
   [
    54.151509,
    17.108016
   ],
   [
    54.151292,
    17.10741
   ],
   [
    54.151038,
    17.106691
   ],
   [
    54.150832,
    17.106103
   ],
   [
    54.149496,
    17.102308
   ],
   [
    54.149292,
    17.101708
   ],
   [
    54.149211,
    17.101463
   ],
   [
    54.149049,
    17.100972
   ],
   [
    54.149036,
    17.100925
   ],
   [
    54.148884,
    17.100405
   ],
   [
    54.148823,
    17.100196
   ],
   [
    54.14868,
    17.09959
   ],
   [
    54.148583,
    17.099169
   ],
   [
    54.148476,
    17.098621
   ],
   [
    54.148403,
    17.098246
   ],
   [
    54.148344,
    17.098041
   ],
   [
    54.148314,
    17.097864
   ],
   [
    54.148283,
    17.097754
   ],
   [
    54.148234,
    17.097628
   ],
   [
    54.14819,
    17.097541
   ],
   [
    54.148135,
    17.097455
   ],
   [
    54.148041,
    17.097347
   ],
   [
    54.147944,
    17.097255
   ],
   [
    54.14789,
    17.097159
   ],
   [
    54.147865,
    17.097053
   ],
   [
    54.147869,
    17.096945
   ],
   [
    54.147904,
    17.096841
   ],
   [
    54.147966,
    17.09675
   ],
   [
    54.148023,
    17.096698
   ],
   [
    54.148044,
    17.096639
   ],
   [
    54.148081,
    17.096522
   ],
   [
    54.14811,
    17.096355
   ],
   [
    54.148104,
    17.096155
   ],
   [
    54.148054,
    17.095727
   ],
   [
    54.148029,
    17.095334
   ],
   [
    54.14802,
    17.094912
   ],
   [
    54.147994,
    17.09404
   ],
   [
    54.147968,
    17.093094
   ],
   [
    54.147971,
    17.093002
   ],
   [
    54.14801,
    17.091817
   ],
   [
    54.148207,
    17.087552
   ],
   [
    54.1482,
    17.086889
   ],
   [
    54.148188,
    17.085802
   ],
   [
    54.148101,
    17.084006
   ],
   [
    54.147815,
    17.080411
   ],
   [
    54.147427,
    17.075199
   ],
   [
    54.147183,
    17.073007
   ],
   [
    54.146826,
    17.070768
   ],
   [
    54.14663,
    17.069819
   ],
   [
    54.14661,
    17.069725
   ],
   [
    54.146583,
    17.069632
   ],
   [
    54.146549,
    17.069541
   ],
   [
    54.146508,
    17.069453
   ],
   [
    54.146461,
    17.069368
   ],
   [
    54.146407,
    17.069286
   ],
   [
    54.146348,
    17.069208
   ],
   [
    54.146282,
    17.069135
   ],
   [
    54.146244,
    17.069109
   ],
   [
    54.146209,
    17.06908
   ],
   [
    54.146172,
    17.069039
   ],
   [
    54.14614,
    17.068993
   ],
   [
    54.146115,
    17.068944
   ],
   [
    54.146098,
    17.068892
   ],
   [
    54.146088,
    17.068838
   ],
   [
    54.146087,
    17.068783
   ],
   [
    54.146093,
    17.068729
   ],
   [
    54.146107,
    17.068676
   ],
   [
    54.146128,
    17.068625
   ],
   [
    54.146149,
    17.068589
   ],
   [
    54.146177,
    17.068505
   ],
   [
    54.146199,
    17.06842
   ],
   [
    54.146214,
    17.068334
   ],
   [
    54.146223,
    17.068246
   ],
   [
    54.146224,
    17.068159
   ],
   [
    54.146219,
    17.068071
   ],
   [
    54.146208,
    17.067984
   ],
   [
    54.146189,
    17.067898
   ],
   [
    54.146138,
    17.067702
   ],
   [
    54.14495,
    17.063728
   ],
   [
    54.144656,
    17.062771
   ],
   [
    54.142945,
    17.057197
   ],
   [
    54.14273,
    17.056497
   ],
   [
    54.141283,
    17.051781
   ],
   [
    54.140757,
    17.049723
   ],
   [
    54.140391,
    17.047831
   ],
   [
    54.140196,
    17.046571
   ],
   [
    54.14009,
    17.045694
   ],
   [
    54.139911,
    17.044137
   ],
   [
    54.139886,
    17.043461
   ],
   [
    54.139887,
    17.041805
   ],
   [
    54.139982,
    17.040749
   ],
   [
    54.140042,
    17.040168
   ],
   [
    54.140146,
    17.039144
   ],
   [
    54.140364,
    17.038079
   ],
   [
    54.140783,
    17.036231
   ],
   [
    54.140922,
    17.035711
   ],
   [
    54.141264,
    17.034672
   ],
   [
    54.141411,
    17.034282
   ],
   [
    54.141734,
    17.033606
   ],
   [
    54.142053,
    17.032968
   ],
   [
    54.14216,
    17.032723
   ],
   [
    54.142247,
    17.032483
   ],
   [
    54.142353,
    17.032252
   ],
   [
    54.142454,
    17.032051
   ],
   [
    54.142529,
    17.031877
   ],
   [
    54.142781,
    17.031013
   ],
   [
    54.142911,
    17.030631
   ],
   [
    54.143104,
    17.029786
   ],
   [
    54.143289,
    17.028856
   ],
   [
    54.143328,
    17.028547
   ],
   [
    54.143386,
    17.028108
   ],
   [
    54.143393,
    17.027995
   ],
   [
    54.143419,
    17.02757
   ],
   [
    54.143445,
    17.026905
   ],
   [
    54.143432,
    17.02673
   ],
   [
    54.143414,
    17.026645
   ],
   [
    54.143363,
    17.026506
   ],
   [
    54.143326,
    17.026441
   ],
   [
    54.143275,
    17.026402
   ],
   [
    54.143233,
    17.026355
   ],
   [
    54.143195,
    17.026285
   ],
   [
    54.143177,
    17.026208
   ],
   [
    54.14318,
    17.02613
   ],
   [
    54.143204,
    17.026054
   ],
   [
    54.143246,
    17.025987
   ],
   [
    54.143317,
    17.025925
   ],
   [
    54.143386,
    17.025891
   ],
   [
    54.143461,
    17.025874
   ],
   [
    54.143538,
    17.025874
   ],
   [
    54.143613,
    17.025892
   ],
   [
    54.143681,
    17.025927
   ],
   [
    54.143731,
    17.025967
   ],
   [
    54.143771,
    17.026017
   ],
   [
    54.143902,
    17.026099
   ],
   [
    54.144011,
    17.02613
   ],
   [
    54.144135,
    17.026147
   ],
   [
    54.144266,
    17.026144
   ],
   [
    54.148756,
    17.026114
   ],
   [
    54.151377,
    17.026091
   ],
   [
    54.152211,
    17.026085
   ],
   [
    54.153081,
    17.026084
   ],
   [
    54.153643,
    17.026076
   ],
   [
    54.155747,
    17.026063
   ],
   [
    54.155863,
    17.026027
   ],
   [
    54.155937,
    17.026012
   ],
   [
    54.156333,
    17.026015
   ],
   [
    54.156406,
    17.025986
   ],
   [
    54.156437,
    17.02594
   ],
   [
    54.156458,
    17.025891
   ],
   [
    54.156472,
    17.025829
   ],
   [
    54.15648,
    17.025779
   ],
   [
    54.156483,
    17.025467
   ],
   [
    54.156478,
    17.025206
   ],
   [
    54.156473,
    17.024958
   ],
   [
    54.156469,
    17.024689
   ],
   [
    54.156464,
    17.02443
   ],
   [
    54.15646,
    17.024195
   ],
   [
    54.156456,
    17.023948
   ],
   [
    54.156451,
    17.023666
   ],
   [
    54.156446,
    17.023381
   ],
   [
    54.156441,
    17.023138
   ],
   [
    54.156437,
    17.022905
   ],
   [
    54.156433,
    17.022675
   ],
   [
    54.156424,
    17.022156
   ],
   [
    54.156461,
    17.021569
   ],
   [
    54.156523,
    17.021331
   ],
   [
    54.15672,
    17.02094
   ],
   [
    54.156817,
    17.020747
   ],
   [
    54.157011,
    17.020364
   ],
   [
    54.157157,
    17.020045
   ],
   [
    54.157323,
    17.01972
   ],
   [
    54.157446,
    17.019476
   ],
   [
    54.157629,
    17.019113
   ],
   [
    54.158031,
    17.018456
   ],
   [
    54.15801,
    17.018404
   ],
   [
    54.157988,
    17.018349
   ],
   [
    54.157963,
    17.018307
   ],
   [
    54.15791,
    17.018239
   ],
   [
    54.156783,
    17.017652
   ],
   [
    54.156725,
    17.016708
   ],
   [
    54.156759,
    17.016667
   ],
   [
    54.156861,
    17.016667
   ],
   [
    54.157628,
    17.016749
   ],
   [
    54.157726,
    17.016724
   ],
   [
    54.157815,
    17.016647
   ],
   [
    54.157905,
    17.016521
   ],
   [
    54.158043,
    17.016244
   ],
   [
    54.158264,
    17.015892
   ],
   [
    54.158303,
    17.015786
   ],
   [
    54.158435,
    17.015472
   ],
   [
    54.158462,
    17.015391
   ],
   [
    54.158543,
    17.015027
   ],
   [
    54.158711,
    17.01452
   ],
   [
    54.158762,
    17.014442
   ],
   [
    54.158835,
    17.01431
   ],
   [
    54.158905,
    17.014117
   ],
   [
    54.15902,
    17.013793
   ],
   [
    54.159099,
    17.013679
   ],
   [
    54.159231,
    17.013549
   ],
   [
    54.159437,
    17.013431
   ],
   [
    54.159559,
    17.013335
   ],
   [
    54.159676,
    17.013237
   ],
   [
    54.159765,
    17.013113
   ],
   [
    54.159846,
    17.012958
   ],
   [
    54.159964,
    17.012664
   ],
   [
    54.160079,
    17.012369
   ],
   [
    54.16013,
    17.012203
   ],
   [
    54.160146,
    17.01209
   ],
   [
    54.160157,
    17.011948
   ],
   [
    54.159867,
    17.011884
   ],
   [
    54.159029,
    17.011698
   ],
   [
    54.15868,
    17.011627
   ],
   [
    54.15828,
    17.011566
   ],
   [
    54.157377,
    17.011488
   ],
   [
    54.157378,
    17.011154
   ],
   [
    54.157379,
    17.010948
   ],
   [
    54.157385,
    17.01074
   ],
   [
    54.157384,
    17.010495
   ],
   [
    54.157381,
    17.010266
   ],
   [
    54.157382,
    17.010019
   ],
   [
    54.157383,
    17.009727
   ],
   [
    54.157381,
    17.009407
   ],
   [
    54.157382,
    17.009341
   ],
   [
    54.157384,
    17.009283
   ],
   [
    54.157399,
    17.009005
   ],
   [
    54.157412,
    17.008725
   ],
   [
    54.15742,
    17.008698
   ],
   [
    54.157438,
    17.008676
   ],
   [
    54.157461,
    17.008661
   ],
   [
    54.157489,
    17.008655
   ],
   [
    54.157518,
    17.008658
   ],
   [
    54.157687,
    17.008685
   ]
  ],
  "type": "LineString"
 }
}